transaction_id,order_date,product_category,product_id, product_name,units_sold,unit_price,total_revenue,region ,payment_method
10001,10/8/2024,Home Appliances,179,Dyson V11 Vacuum,4,213.35,853.4,Europe,Debit Card
10002,3/20/2024,Books,105,Harry Potter ,4,25.13,100.52,Europe,Debit Card
10003,7/29/2024,Books,153,Atomic Habits,5,774.46,3872.3,Asia,Debit Card
10004,12/24/2024,Books,120,Harry Potter,1,40.47,40.47,Europe,Credit Card
10005,3/31/2024,Clothing,187,Nike Air Max,4,2459.19,9836.76,Europe,Credit Card
10006,6/1/2024,Beauty Products,110,Dove Soap Pack,4,1784.85,7139.4,Asia,Credit Card
10007,7/14/2024,Beauty Products,181,Dove Soap Pack,5,604.37,3021.85,Europe,PayPal
10008,7/13/2024,Books,150,The Da Vinci Code,5,434.84,2174.2,Europe,Debit Card
10009,6/17/2024,Clothing,159,Nike Air Max,2,952.26,1904.52,Asia,Credit Card
10010,3/27/2024,Clothing,112,Adidas Hoodie,3,1772.07,5316.21,Asia,Debit Card
10011,5/16/2024,Clothing,107,Adidas Hoodie,1,322.49,322.49,North America,PayPal
10012,5/26/2024,Beauty Products,165,Neutrogena Skincare Set,2,47.77,95.54,Europe,PayPal
10013,8/27/2024,Home Appliances,193,Blueair Classic 480i,5,660.89,3304.45,North America,Debit Card
10014,10/9/2024,Books,161,Atomic Habits,5,918.75,4593.75,North America,Credit Card
10015,6/2/2024,Books,199,Atomic Habits,2,1015.66,2031.32,Europe,Credit Card
10016,12/3/2024,Books,165,Harry Potter,1,789.64,789.64,North America,Debit Card
10017,11/3/2024,Electronics,124,Samsung Galaxy S23,3,2260.25,6780.75,Europe,Credit Card
10018,5/27/2024,Beauty Products,142,Dove Soap Pack,2,417.72,835.44,North America,Credit Card
10019,5/1/2024,Electronics,157,iPhone 14 Pro,1,2306.71,2306.71,North America,Debit Card
10020,3/22/2024,Beauty Products,118,L'Oreal Shampoo,2,1386.09,2772.18,North America,PayPal
10021,8/26/2024,Electronics,149,iPhone 14 Pro,4,2078.12,8312.48,Asia,Debit Card
10022,2/29/2024,Home Appliances,109,Philips Air Fryer,2,1517.34,3034.68,Europe,PayPal
10023,12/7/2024,Clothing,168,Levi's 501 Jeans,5,153.04,765.2,Asia,Credit Card
10024,4/2/2024,Clothing,127,Nike Air Max,5,2050.79,10253.95,Europe,PayPal
10025,7/16/2024,Clothing,198,Levi's 501 Jeans,2,1067.92,2135.84,North America,Credit Card
10026,7/13/2024,Home Appliances,151,Philips Air Fryer,1,670.94,670.94,Europe,Debit Card
10027,4/8/2024,Beauty Products,180,Neutrogena Skincare Set,4,2401.34,9605.36,Europe,Credit Card
10028,8/11/2024,Beauty Products,131,L'Oreal Shampoo,1,1981.26,1981.26,Asia,Debit Card
10029,10/26/2024,Clothing,185,Adidas Hoodie,1,184.06,184.06,Europe,Debit Card
10030,3/25/2024,Sports,142,Wilson Evolution Basketball,5,2049.46,10247.3,Europe,Debit Card
10031,11/21/2024,Beauty Products,193,Dove Soap Pack,2,2401.91,4803.82,Europe,Credit Card
10032,10/26/2024,Sports,119,Adidas Tennis Racket,4,831.69,3326.76,Asia,Debit Card
10033,2/9/2024,Home Appliances,103,Philips Air Fryer,4,1878.33,7513.32,Europe,Credit Card
10034,4/12/2024,Clothing,167,Adidas Hoodie,4,108.19,432.76,North America,Credit Card
10035,11/9/2024,Beauty Products,112,Neutrogena Skincare Set,1,2254.45,2254.45,Asia,PayPal
10036,1/10/2024,Books,184,The Da Vinci Code,3,861.1,2583.3,North America,PayPal
10037,6/21/2024,Beauty Products,105,L'Oreal Shampoo,4,1800.76,7203.04,Asia,Debit Card
10038,12/27/2024,Books,194,The Da Vinci Code,3,2333.96,7001.88,North America,Debit Card
10039,12/14/2024,Clothing,199,Nike Air Max,1,2219.52,2219.52,North America,Debit Card
10040,4/15/2024,Beauty Products,172,L'Oreal Shampoo,4,461.75,1847,Europe,PayPal
10041,10/10/2024,Beauty Products,188,Dove Soap Pack,4,1129.68,4518.72,North America,PayPal
10042,10/20/2024,Beauty Products,163,L'Oreal Shampoo,5,1755.83,8779.15,Asia,Debit Card
10043,7/26/2024,Books,197,Harry Potter,5,1942.68,9713.4,Asia,Debit Card
10044,12/11/2024,Clothing,192,Levi's 501 Jeans,4,2104.87,8419.48,Asia,Credit Card
10045,7/24/2024,Electronics,147,iPhone 14 Pro,5,1765.05,8825.25,North America,Debit Card
10046,12/16/2024,Clothing,122,Nike Air Max,1,1892.54,1892.54,Asia,Credit Card
10047,4/28/2024,Beauty Products,139,Neutrogena Skincare Set,3,251.59,754.77,Europe,Credit Card
10048,2/8/2024,Beauty Products,161,Dove Soap Pack,5,2045.3,10226.5,Asia,Credit Card
10049,6/13/2024,Sports,155,Wilson Evolution Basketball,3,2334.98,7004.94,Europe,Debit Card
10050,4/19/2024,Electronics,170,MacBook Pro 16-inch,2,300.12,600.24,Asia,PayPal
10051,2/24/2024,Electronics,141,Sony WH-1000XM5,1,1916.13,1916.13,Europe,Credit Card
10052,12/15/2024,Beauty Products,111,L'Oreal Shampoo,4,1940.08,7760.32,Asia,PayPal
10053,11/22/2024,Electronics,169,iPhone 14 Pro,5,552.51,2762.55,Asia,Credit Card
10054,12/6/2024,Electronics,102,MacBook Pro 16-inch,3,34.1,102.3,North America,Credit Card
10055,1/21/2024,Electronics,139,iPhone 14 Pro,5,1692.43,8462.15,Europe,Debit Card
10056,5/7/2024,Electronics,159,iPhone 14 Pro,1,1597.21,1597.21,North America,Debit Card
10057,3/17/2024,Electronics,200,Sony WH-1000XM5,2,1659.34,3318.68,Asia,PayPal
10058,5/11/2024,Electronics,103,MacBook Pro 16-inch,5,1636.78,8183.9,Europe,Credit Card
10059,5/21/2024,Home Appliances,159,Blueair Classic 480i,1,1457.16,1457.16,Asia,Debit Card
10060,10/5/2024,Books,142,The Da Vinci Code,1,668.28,668.28,North America,Debit Card
10061,8/10/2024,Electronics,178,Samsung Galaxy S23,1,2147.78,2147.78,North America,Credit Card
10062,7/21/2024,Books,110,Atomic Habits,1,1817.35,1817.35,Asia,Credit Card
10063,12/12/2024,Home Appliances,169,Dyson V11 Vacuum,4,1941.92,7767.68,Asia,PayPal
10064,7/11/2024,Beauty Products,151,Dove Soap Pack,3,1923.42,5770.26,Asia,Debit Card
10065,2/28/2024,Sports,104,Wilson Evolution Basketball,4,1863.4,7453.6,Asia,Debit Card
10066,1/2/2024,Beauty Products,117,Neutrogena Skincare Set,2,815,1630,Europe,PayPal
10067,11/27/2024,Beauty Products,178,L'Oreal Shampoo,4,1204.94,4819.76,Europe,Credit Card
10068,10/14/2024,Books,142,Harry Potter,3,692.18,2076.54,North America,Credit Card
10069,10/10/2024,Sports,193,Nike Football,5,437.06,2185.3,Asia,PayPal
10070,3/19/2024,Sports,196,Adidas Tennis Racket,5,1959.03,9795.15,Europe,Credit Card
10071,5/24/2024,Books,170,Atomic Habits,2,1746.74,3493.48,Asia,Credit Card
10072,4/8/2024,Sports,107,Nike Football,4,2164.16,8656.64,Europe,PayPal
10073,3/9/2024,Electronics,189,Sony WH-1000XM5,5,221.54,1107.7,Asia,Credit Card
10074,6/6/2024,Electronics,118,Sony WH-1000XM5,2,2266.43,4532.86,Asia,Debit Card
10075,3/26/2024,Books,159,Atomic Habits,3,2092.93,6278.79,Asia,Credit Card
10076,12/6/2024,Electronics,176,Samsung Galaxy S23,5,2026.31,10131.55,Europe,PayPal
10077,10/26/2024,Books,120,The Da Vinci Code,2,117.13,234.26,Europe,PayPal
10078,2/8/2024,Electronics,195,Sony WH-1000XM5,4,1572.54,6290.16,Asia,PayPal
10079,12/27/2024,Beauty Products,109,Neutrogena Skincare Set,1,876.57,876.57,Asia,Debit Card
10080,4/11/2024,Electronics,166,iPhone 14 Pro,1,900.9,900.9,North America,Credit Card
10081,3/16/2024,Sports,132,Nike Football,4,455.83,1823.32,North America,Debit Card
10082,8/13/2024,Books,180,Atomic Habits,4,447.89,1791.56,North America,Credit Card
10083,7/27/2024,Clothing,181,Adidas Hoodie,5,1443.32,7216.6,Asia,PayPal
10084,3/8/2024,Home Appliances,140,Philips Air Fryer,2,1199.66,2399.32,Europe,PayPal
10085,3/30/2024,Electronics,116,Samsung Galaxy S23,2,106.95,213.9,Europe,Debit Card
10086,10/3/2024,Clothing,161,Levi's 501 Jeans,5,2271.35,11356.75,Asia,PayPal
10087,1/10/2024,Clothing,118,Adidas Hoodie,3,2254.56,6763.68,North America,Debit Card
10088,12/7/2024,Sports,170,Adidas Tennis Racket,5,1802.4,9012,North America,PayPal
10089,1/10/2024,Home Appliances,107,Blueair Classic 480i,2,1958.63,3917.26,Europe,Credit Card
10090,10/25/2024,Electronics,107,MacBook Pro 16-inch,3,12.91,38.73,Asia,Debit Card
10091,6/20/2024,Beauty Products,132,Neutrogena Skincare Set,2,50.49,100.98,North America,PayPal
10092,10/26/2024,Electronics,151,MacBook Pro 16-inch,1,1081.02,1081.02,Europe,PayPal
10093,12/3/2024,Home Appliances,165,Dyson V11 Vacuum,2,976.1,1952.2,Europe,PayPal
10094,12/12/2024,Clothing,122,Nike Air Max,5,447.8,2239,Europe,PayPal
10095,2/15/2024,Sports,121,Adidas Tennis Racket,4,1524.8,6099.2,Asia,Credit Card
10096,12/18/2024,Home Appliances,108,Blueair Classic 480i,1,2242.61,2242.61,North America,PayPal
10097,2/28/2024,Home Appliances,153,Blueair Classic 480i,2,717.36,1434.72,Asia,Credit Card
10098,2/11/2024,Home Appliances,125,Philips Air Fryer,4,945.49,3781.96,Europe,PayPal
10099,5/23/2024,Home Appliances,122,Blueair Classic 480i,2,2179.89,4359.78,Europe,PayPal
10100,1/13/2024,Home Appliances,109,Blueair Classic 480i,1,1313.71,1313.71,Europe,PayPal
10101,12/5/2024,Home Appliances,170,Dyson V11 Vacuum,5,633.62,3168.1,Asia,Credit Card
10102,1/23/2024,Books,186,Atomic Habits,2,622.04,1244.08,Asia,Credit Card
10103,4/20/2024,Beauty Products,160,L'Oreal Shampoo,2,2350.62,4701.24,North America,PayPal
10104,9/17/2024,Clothing,163,Nike Air Max,4,1817.5,7270,Asia,Debit Card
10105,10/20/2024,Books,182,The Da Vinci Code,4,899.5,3598,Asia,Credit Card
10106,5/23/2024,Electronics,197,Sony WH-1000XM5,3,2103.42,6310.26,Asia,PayPal
10107,9/6/2024,Home Appliances,112,Philips Air Fryer,3,724.47,2173.41,Asia,Credit Card
10108,12/8/2024,Books,159,Atomic Habits,3,1559.64,4678.92,Europe,Credit Card
10109,2/19/2024,Electronics,102,Samsung Galaxy S23,5,1473.22,7366.1,Asia,Credit Card
10110,1/17/2024,Home Appliances,194,Dyson V11 Vacuum,5,1286.67,6433.35,Europe,PayPal
10111,9/10/2024,Books,182,Atomic Habits,3,1259.23,3777.69,Asia,Credit Card
10112,5/3/2024,Clothing,185,Levi's 501 Jeans,2,1710.38,3420.76,Europe,PayPal
10113,10/29/2024,Sports,121,Nike Football,1,1812.47,1812.47,North America,PayPal
10114,1/28/2024,Electronics,174,Samsung Galaxy S23,3,666.92,2000.76,Asia,PayPal
10115,12/22/2024,Beauty Products,106,Dove Soap Pack,1,611.37,611.37,Europe,Debit Card
10116,11/12/2024,Home Appliances,112,Blueair Classic 480i,4,1392.5,5570,Europe,Credit Card
10117,10/16/2024,Clothing,174,Adidas Hoodie,1,454.33,454.33,Europe,Debit Card
10118,11/27/2024,Sports,110,Nike Football,4,379.14,1516.56,Asia,Debit Card
10119,7/23/2024,Books,128,The Da Vinci Code,5,971.28,4856.4,Asia,PayPal
10120,5/26/2024,Electronics,109,Samsung Galaxy S23,1,2154.76,2154.76,North America,Credit Card
10121,12/24/2024,Electronics,183,Samsung Galaxy S23,5,2253.71,11268.55,Asia,Credit Card
10122,8/19/2024,Books,181,The Da Vinci Code,4,2353.36,9413.44,Europe,Debit Card
10123,12/25/2024,Home Appliances,187,Blueair Classic 480i,2,2150.79,4301.58,Asia,Debit Card
10124,5/24/2024,Beauty Products,179,Neutrogena Skincare Set,2,1690.86,3381.72,North America,Credit Card
10125,8/28/2024,Books,148,The Da Vinci Code,1,575.25,575.25,North America,PayPal
10126,12/9/2024,Clothing,187,Adidas Hoodie,1,1981.2,1981.2,Asia,Credit Card
10127,1/1/2024,Sports,190,Adidas Tennis Racket,1,484.12,484.12,North America,PayPal
10128,1/14/2024,Books,108,Harry Potter,3,1384.86,4154.58,Asia,PayPal
10129,1/4/2024,Sports,106,Wilson Evolution Basketball,2,410.43,820.86,Asia,Credit Card
10130,4/30/2024,Home Appliances,141,Dyson V11 Vacuum,4,1845.43,7381.72,North America,Credit Card
10131,10/17/2024,Home Appliances,158,Blueair Classic 480i,3,347.78,1043.34,Asia,Credit Card
10132,1/31/2024,Beauty Products,131,Dove Soap Pack,5,242.69,1213.45,North America,PayPal
10133,7/9/2024,Books,101,The Da Vinci Code,3,567.58,1702.74,North America,PayPal
10134,7/23/2024,Home Appliances,148,Dyson V11 Vacuum,2,2463.61,4927.22,North America,Debit Card
10135,10/17/2024,Beauty Products,109,L'Oreal Shampoo,5,972.29,4861.45,Europe,Debit Card
10136,2/4/2024,Beauty Products,130,Dove Soap Pack,1,2149.71,2149.71,Europe,Credit Card
10137,3/17/2024,Books,142,The Da Vinci Code,3,687.01,2061.03,Asia,Debit Card
10138,5/4/2024,Home Appliances,150,Philips Air Fryer,5,146.87,734.35,North America,PayPal
10139,1/7/2024,Sports,133,Nike Football,3,1557.94,4673.82,North America,PayPal
10140,11/4/2024,Books,200,Atomic Habits,4,2028.44,8113.76,North America,PayPal
10141,10/8/2024,Sports,142,Adidas Tennis Racket,1,2261,2261,North America,Debit Card
10142,9/16/2024,Books,124,The Da Vinci Code,5,1458.66,7293.3,Asia,Debit Card
10143,9/8/2024,Clothing,164,Adidas Hoodie,2,1879.32,3758.64,North America,PayPal
10144,1/26/2024,Home Appliances,160,Philips Air Fryer,1,73.66,73.66,North America,PayPal
10145,3/22/2024,Sports,121,Nike Football,1,231.31,231.31,North America,Credit Card
10146,9/1/2024,Beauty Products,108,Dove Soap Pack,5,2248.21,11241.05,Asia,PayPal
10147,5/14/2024,Electronics,144,MacBook Pro 16-inch,3,114.71,344.13,Asia,Credit Card
10148,8/16/2024,Home Appliances,103,Philips Air Fryer,1,838.56,838.56,Europe,Credit Card
10149,12/2/2024,Clothing,101,Nike Air Max,5,437.99,2189.95,Asia,PayPal
10150,11/13/2024,Beauty Products,190,Neutrogena Skincare Set,3,1842.4,5527.2,North America,Debit Card
10151,6/8/2024,Sports,153,Nike Football,5,895.98,4479.9,North America,Debit Card
10152,5/19/2024,Home Appliances,111,Philips Air Fryer,5,2244.78,11223.9,Asia,PayPal
10153,3/29/2024,Beauty Products,104,L'Oreal Shampoo,4,1529.98,6119.92,North America,Credit Card
10154,8/9/2024,Home Appliances,172,Philips Air Fryer,3,386.58,1159.74,Europe,Credit Card
10155,5/30/2024,Home Appliances,134,Philips Air Fryer,2,1693.47,3386.94,Europe,Credit Card
10156,7/16/2024,Sports,157,Nike Football,5,282.74,1413.7,Asia,Debit Card
10157,5/16/2024,Clothing,178,Levi's 501 Jeans,3,2109.23,6327.69,Asia,Credit Card
10158,6/1/2024,Books,192,Harry Potter,4,714.76,2859.04,Europe,Credit Card
10159,4/25/2024,Books,151,The Da Vinci Code,4,1186.6,4746.4,North America,Credit Card
10160,6/30/2024,Sports,150,Wilson Evolution Basketball,5,742.2,3711,North America,Debit Card
10161,8/20/2024,Home Appliances,120,Philips Air Fryer,2,1012.04,2024.08,North America,Debit Card
10162,5/26/2024,Electronics,185,MacBook Pro 16-inch,1,1602.54,1602.54,Asia,Credit Card
10163,7/18/2024,Books,169,Atomic Habits,3,2088.38,6265.14,Asia,Credit Card
10164,11/10/2024,Electronics,101,iPhone 14 Pro,3,2174.49,6523.47,Europe,Debit Card
10165,8/30/2024,Electronics,175,Samsung Galaxy S23,5,948.48,4742.4,Europe,Credit Card
10166,2/23/2024,Clothing,159,Adidas Hoodie,2,153.76,307.52,North America,Credit Card
10167,11/30/2024,Beauty Products,108,Neutrogena Skincare Set,5,1079.08,5395.4,North America,Debit Card
10168,4/21/2024,Beauty Products,120,Dove Soap Pack,4,1617.21,6468.84,Europe,Debit Card
10169,1/28/2024,Home Appliances,117,Philips Air Fryer,2,2255.87,4511.74,North America,PayPal
10170,5/16/2024,Home Appliances,191,Philips Air Fryer,5,799.9,3999.5,Asia,PayPal
10171,10/22/2024,Books,145,The Da Vinci Code,3,525.69,1577.07,Europe,PayPal
10172,11/17/2024,Home Appliances,146,Dyson V11 Vacuum,4,2337.81,9351.24,North America,PayPal
10173,11/21/2024,Home Appliances,182,Blueair Classic 480i,3,2270.39,6811.17,Europe,Debit Card
10174,10/23/2024,Books,151,The Da Vinci Code,3,58.67,176.01,North America,Debit Card
10175,7/9/2024,Clothing,137,Adidas Hoodie,3,1073.81,3221.43,Asia,Credit Card
10176,9/11/2024,Clothing,137,Adidas Hoodie,4,655.73,2622.92,North America,Debit Card
10177,10/15/2024,Sports,136,Adidas Tennis Racket,2,2316.45,4632.9,Asia,PayPal
10178,11/8/2024,Electronics,103,MacBook Pro 16-inch,5,1200.93,6004.65,Asia,PayPal
10179,9/12/2024,Electronics,169,Sony WH-1000XM5,5,825.42,4127.1,North America,Debit Card
10180,1/26/2024,Sports,143,Nike Football,1,1190.63,1190.63,Asia,Credit Card
10181,11/29/2024,Books,137,The Da Vinci Code,4,2263.25,9053,Asia,Credit Card
10182,12/29/2024,Clothing,162,Levi's 501 Jeans,1,1014.8,1014.8,Asia,Credit Card
10183,7/15/2024,Clothing,141,Adidas Hoodie,1,1657.71,1657.71,Asia,PayPal
10184,4/27/2024,Electronics,165,iPhone 14 Pro,3,2180.19,6540.57,Asia,Credit Card
10185,11/22/2024,Home Appliances,154,Blueair Classic 480i,4,1604.78,6419.12,Europe,Credit Card
10186,7/29/2024,Beauty Products,125,Neutrogena Skincare Set,3,1519.23,4557.69,Europe,PayPal
10187,5/2/2024,Beauty Products,120,Dove Soap Pack,2,1717.72,3435.44,Asia,PayPal
10188,3/28/2024,Books,138,The Da Vinci Code,3,1218.14,3654.42,Asia,PayPal
10189,3/27/2024,Home Appliances,100,Philips Air Fryer,4,2070.87,8283.48,Asia,PayPal
10190,2/24/2024,Electronics,105,iPhone 14 Pro,3,2249.2,6747.6,Asia,Credit Card
10191,5/3/2024,Clothing,192,Levi's 501 Jeans,3,2492.45,7477.35,Asia,Debit Card
10192,1/23/2024,Beauty Products,140,Neutrogena Skincare Set,2,1571.01,3142.02,North America,PayPal
10193,8/31/2024,Clothing,144,Levi's 501 Jeans,5,873.17,4365.85,Europe,Debit Card
10194,9/4/2024,Books,165,Atomic Habits,3,1027.74,3083.22,Asia,PayPal
10195,4/23/2024,Books,127,The Da Vinci Code,3,1080.25,3240.75,Asia,PayPal
10196,9/28/2024,Home Appliances,191,Blueair Classic 480i,5,1548.84,7744.2,Asia,PayPal
10197,4/11/2024,Sports,193,Adidas Tennis Racket,5,1987.25,9936.25,Europe,Debit Card
10198,9/19/2024,Electronics,127,Samsung Galaxy S23,4,2275.23,9100.92,Asia,PayPal
10199,7/16/2024,Electronics,159,iPhone 14 Pro,3,116.91,350.73,Europe,Debit Card
10200,8/29/2024,Beauty Products,151,L'Oreal Shampoo,1,190.25,190.25,North America,Debit Card
10201,1/25/2024,Clothing,175,Adidas Hoodie,2,1799.87,3599.74,Europe,Credit Card
10202,7/17/2024,Clothing,196,Levi's 501 Jeans,5,602.02,3010.1,Europe,Credit Card
10203,12/6/2024,Electronics,128,Samsung Galaxy S23,1,896.93,896.93,Europe,Debit Card
10204,3/25/2024,Beauty Products,122,Dove Soap Pack,5,448.19,2240.95,Europe,PayPal
10205,5/10/2024,Beauty Products,190,Dove Soap Pack,5,948.43,4742.15,North America,Credit Card
10206,9/23/2024,Home Appliances,102,Philips Air Fryer,2,321.08,642.16,Europe,Debit Card
10207,12/11/2024,Beauty Products,196,Dove Soap Pack,2,1817.33,3634.66,Europe,Debit Card
10208,7/13/2024,Beauty Products,141,Neutrogena Skincare Set,2,1319.33,2638.66,Europe,Credit Card
10209,4/1/2024,Home Appliances,108,Blueair Classic 480i,5,1986.31,9931.55,North America,PayPal
10210,10/27/2024,Home Appliances,105,Blueair Classic 480i,3,2126.94,6380.82,Asia,PayPal
10211,9/26/2024,Home Appliances,111,Dyson V11 Vacuum,4,172.75,691,Europe,Credit Card
10212,3/5/2024,Clothing,123,Levi's 501 Jeans,2,94.19,188.38,Europe,PayPal
10213,7/14/2024,Home Appliances,184,Dyson V11 Vacuum,1,2217.25,2217.25,Asia,Debit Card
10214,9/3/2024,Home Appliances,127,Dyson V11 Vacuum,5,652.88,3264.4,North America,Credit Card
10215,12/26/2024,Books,189,The Da Vinci Code,2,336.47,672.94,Asia,PayPal
10216,4/19/2024,Clothing,139,Levi's 501 Jeans,5,1168.53,5842.65,Asia,PayPal
10217,11/26/2024,Home Appliances,130,Philips Air Fryer,5,47,235,Europe,Credit Card
10218,3/31/2024,Home Appliances,189,Philips Air Fryer,5,1813.68,9068.4,Europe,Credit Card
10219,6/15/2024,Books,133,Harry Potter,2,2126.21,4252.42,North America,PayPal
10220,8/20/2024,Books,116,Atomic Habits,2,2373.18,4746.36,Asia,Debit Card
10221,10/9/2024,Clothing,137,Adidas Hoodie,3,489.56,1468.68,North America,PayPal
10222,5/14/2024,Beauty Products,175,Neutrogena Skincare Set,1,1702.78,1702.78,North America,Credit Card
10223,12/14/2024,Books,123,Atomic Habits,3,654.04,1962.12,Asia,PayPal
10224,3/29/2024,Electronics,200,Sony WH-1000XM5,5,684.3,3421.5,Europe,Debit Card
10225,5/13/2024,Home Appliances,147,Dyson V11 Vacuum,5,1774.92,8874.6,Europe,Credit Card
10226,8/20/2024,Books,192,Harry Potter,1,574.59,574.59,North America,Credit Card
10227,7/2/2024,Books,135,Harry Potter,4,595.96,2383.84,Europe,Debit Card
10228,4/20/2024,Books,166,Atomic Habits,2,904.2,1808.4,North America,PayPal
10229,8/21/2024,Home Appliances,187,Dyson V11 Vacuum,1,2496.14,2496.14,Europe,Debit Card
10230,11/11/2024,Books,110,Harry Potter,2,1657.04,3314.08,North America,Credit Card
10231,6/1/2024,Books,131,Harry Potter,5,1295.71,6478.55,Asia,PayPal
10232,4/28/2024,Books,108,The Da Vinci Code,5,896.25,4481.25,Asia,Credit Card
10233,9/20/2024,Clothing,173,Adidas Hoodie,5,103.22,516.1,North America,Debit Card
10234,11/18/2024,Beauty Products,100,Neutrogena Skincare Set,1,442.69,442.69,Asia,PayPal
10235,12/21/2024,Sports,103,Adidas Tennis Racket,4,2345.02,9380.08,Europe,Debit Card
10236,1/9/2024,Sports,167,Wilson Evolution Basketball,5,422.81,2114.05,Europe,PayPal
10237,6/6/2024,Books,122,Harry Potter,1,1244.95,1244.95,Europe,PayPal
10238,8/11/2024,Clothing,167,Adidas Hoodie,3,2283.59,6850.77,North America,Credit Card
10239,10/13/2024,Sports,150,Adidas Tennis Racket,3,2037.57,6112.71,Europe,Credit Card
10240,11/28/2024,Electronics,128,iPhone 14 Pro,5,1111.01,5555.05,Europe,PayPal
10241,6/26/2024,Clothing,191,Adidas Hoodie,5,2052.26,10261.3,Europe,PayPal
10242,4/30/2024,Books,185,The Da Vinci Code,2,393.47,786.94,North America,PayPal
10243,6/24/2024,Clothing,108,Levi's 501 Jeans,5,203.4,1017,Asia,Debit Card
10244,3/2/2024,Beauty Products,121,Neutrogena Skincare Set,1,2268.4,2268.4,Europe,PayPal
10245,1/6/2024,Home Appliances,150,Philips Air Fryer,5,554.94,2774.7,Europe,Credit Card
10246,9/16/2024,Books,160,The Da Vinci Code,3,1490.07,4470.21,Europe,PayPal
10247,12/18/2024,Clothing,119,Levi's 501 Jeans,5,1200.77,6003.85,Europe,PayPal
10248,3/14/2024,Sports,167,Wilson Evolution Basketball,4,1184.34,4737.36,Europe,Debit Card
10249,6/5/2024,Electronics,100,Samsung Galaxy S23,4,2396.57,9586.28,North America,Debit Card
10250,3/19/2024,Electronics,129,Samsung Galaxy S23,3,1797.21,5391.63,North America,PayPal
10251,5/13/2024,Sports,147,Nike Football,1,374.84,374.84,North America,Credit Card
10252,1/1/2024,Electronics,146,MacBook Pro 16-inch,4,597.34,2389.36,North America,Credit Card
10253,9/2/2024,Sports,150,Nike Football,2,14.95,29.9,North America,Debit Card
10254,8/26/2024,Clothing,118,Nike Air Max,1,1755.65,1755.65,Asia,Credit Card
10255,4/6/2024,Clothing,145,Levi's 501 Jeans,5,736.54,3682.7,Asia,Debit Card
10256,12/11/2024,Electronics,131,Sony WH-1000XM5,2,2077.45,4154.9,North America,Debit Card
10257,5/12/2024,Sports,178,Adidas Tennis Racket,5,1945.02,9725.1,Europe,Debit Card
10258,11/22/2024,Home Appliances,200,Blueair Classic 480i,3,2448.64,7345.92,Europe,Debit Card
10259,3/17/2024,Books,123,Harry Potter,5,571.09,2855.45,North America,Debit Card
10260,5/4/2024,Sports,107,Wilson Evolution Basketball,4,2382.36,9529.44,Europe,Debit Card
10261,6/3/2024,Books,135,The Da Vinci Code,3,614.45,1843.35,Asia,Debit Card
10262,3/2/2024,Books,111,Atomic Habits,5,403.29,2016.45,Asia,Credit Card
10263,3/30/2024,Books,171,Harry Potter,4,691.46,2765.84,North America,Debit Card
10264,4/17/2024,Home Appliances,138,Philips Air Fryer,5,572.07,2860.35,Asia,PayPal
10265,5/23/2024,Clothing,194,Adidas Hoodie,5,1690.18,8450.9,North America,Debit Card
10266,5/7/2024,Electronics,160,Samsung Galaxy S23,4,1915.3,7661.2,Europe,Debit Card
10267,8/1/2024,Electronics,163,Sony WH-1000XM5,5,2253.93,11269.65,Europe,Debit Card
10268,2/11/2024,Beauty Products,177,Neutrogena Skincare Set,2,725.71,1451.42,Asia,Debit Card
10269,6/9/2024,Books,172,Atomic Habits,4,2234.75,8939,Asia,PayPal
10270,12/2/2024,Electronics,183,Sony WH-1000XM5,3,1194.07,3582.21,North America,Debit Card
10271,4/30/2024,Books,179,Harry Potter,3,1604.36,4813.08,Europe,Credit Card
10272,3/2/2024,Electronics,102,MacBook Pro 16-inch,5,112.16,560.8,North America,Debit Card
10273,5/13/2024,Clothing,153,Levi's 501 Jeans,2,582.15,1164.3,North America,PayPal
10274,7/23/2024,Home Appliances,185,Blueair Classic 480i,2,1361.01,2722.02,Asia,Debit Card
10275,8/30/2024,Books,167,Atomic Habits,3,991.54,2974.62,North America,Credit Card
10276,10/19/2024,Home Appliances,118,Dyson V11 Vacuum,4,507.15,2028.6,Europe,Debit Card
10277,9/8/2024,Home Appliances,144,Blueair Classic 480i,5,836.33,4181.65,North America,Credit Card
10278,10/9/2024,Books,174,Harry Potter,1,1822.76,1822.76,North America,Credit Card
10279,11/1/2024,Electronics,168,MacBook Pro 16-inch,5,1274.56,6372.8,North America,PayPal
10280,11/27/2024,Electronics,199,MacBook Pro 16-inch,3,491.7,1475.1,Europe,Credit Card
10281,6/23/2024,Books,102,Atomic Habits,5,1014.39,5071.95,Europe,Credit Card
10282,6/8/2024,Sports,101,Wilson Evolution Basketball,2,1095.97,2191.94,Asia,PayPal
10283,4/6/2024,Beauty Products,172,L'Oreal Shampoo,3,1165.63,3496.89,Europe,PayPal
10284,10/31/2024,Electronics,173,MacBook Pro 16-inch,1,1306.87,1306.87,North America,PayPal
10285,3/31/2024,Electronics,141,Samsung Galaxy S23,5,1518.12,7590.6,Asia,PayPal
10286,9/5/2024,Clothing,193,Nike Air Max,4,2077.52,8310.08,Asia,Debit Card
10287,4/15/2024,Home Appliances,106,Philips Air Fryer,3,1320.64,3961.92,Asia,Debit Card
10288,10/26/2024,Beauty Products,150,Dove Soap Pack,1,1022.77,1022.77,North America,PayPal
10289,3/13/2024,Electronics,134,iPhone 14 Pro,2,1063.18,2126.36,North America,Debit Card
10290,7/26/2024,Sports,150,Wilson Evolution Basketball,1,2158.53,2158.53,North America,Debit Card
10291,7/27/2024,Electronics,183,iPhone 14 Pro,2,2119.32,4238.64,Europe,Debit Card
10292,9/26/2024,Electronics,195,iPhone 14 Pro,4,2281.64,9126.56,Asia,PayPal
10293,9/1/2024,Clothing,140,Adidas Hoodie,2,353.42,706.84,Asia,Debit Card
10294,1/24/2024,Clothing,194,Levi's 501 Jeans,2,703.73,1407.46,Europe,Debit Card
10295,8/28/2024,Electronics,126,Sony WH-1000XM5,3,868.01,2604.03,North America,Credit Card
10296,2/28/2024,Beauty Products,184,L'Oreal Shampoo,3,95.17,285.51,Europe,Credit Card
10297,7/5/2024,Beauty Products,166,Dove Soap Pack,4,1745.78,6983.12,Europe,Credit Card
10298,9/6/2024,Electronics,142,Samsung Galaxy S23,3,1175.72,3527.16,North America,PayPal
10299,11/24/2024,Sports,122,Wilson Evolution Basketball,5,1327.65,6638.25,North America,PayPal
10300,12/3/2024,Sports,130,Nike Football,2,1135.91,2271.82,North America,Debit Card
10301,1/21/2024,Clothing,133,Levi's 501 Jeans,1,373.64,373.64,Asia,Credit Card
10302,7/15/2024,Beauty Products,129,Neutrogena Skincare Set,2,2364.73,4729.46,Europe,Debit Card
10303,3/10/2024,Clothing,133,Nike Air Max,2,1607.26,3214.52,North America,Debit Card
10304,11/3/2024,Sports,193,Nike Football,3,416.24,1248.72,Asia,PayPal
10305,6/2/2024,Beauty Products,109,Neutrogena Skincare Set,2,252.99,505.98,North America,Debit Card
10306,9/12/2024,Electronics,138,MacBook Pro 16-inch,5,860.31,4301.55,Europe,Debit Card
10307,10/6/2024,Beauty Products,185,Dove Soap Pack,3,1342.16,4026.48,Asia,Credit Card
10308,3/26/2024,Clothing,154,Adidas Hoodie,5,546.53,2732.65,Asia,Credit Card
10309,5/20/2024,Clothing,179,Levi's 501 Jeans,5,1880.41,9402.05,Europe,PayPal
10310,10/13/2024,Sports,189,Adidas Tennis Racket,3,1772.98,5318.94,Europe,Debit Card
10311,11/7/2024,Beauty Products,147,Neutrogena Skincare Set,3,493.73,1481.19,North America,Credit Card
10312,11/14/2024,Beauty Products,128,L'Oreal Shampoo,4,1317.58,5270.32,North America,Debit Card
10313,8/25/2024,Beauty Products,151,Dove Soap Pack,2,695.77,1391.54,North America,Credit Card
10314,3/24/2024,Beauty Products,102,Dove Soap Pack,2,61.75,123.5,Asia,PayPal
10315,3/25/2024,Books,185,Atomic Habits,1,825.67,825.67,Europe,PayPal
10316,7/22/2024,Home Appliances,157,Dyson V11 Vacuum,1,2117.39,2117.39,Asia,PayPal
10317,3/9/2024,Electronics,152,iPhone 14 Pro,1,1844.21,1844.21,North America,PayPal
10318,9/19/2024,Books,123,The Da Vinci Code,3,672.21,2016.63,Asia,Credit Card
10319,11/7/2024,Home Appliances,169,Dyson V11 Vacuum,2,2499.57,4999.14,Asia,PayPal
10320,5/23/2024,Sports,150,Adidas Tennis Racket,3,366.5,1099.5,North America,Debit Card
10321,5/20/2024,Electronics,127,iPhone 14 Pro,2,1099.76,2199.52,Europe,Debit Card
10322,5/21/2024,Home Appliances,123,Dyson V11 Vacuum,2,457.27,914.54,North America,Debit Card
10323,7/6/2024,Home Appliances,141,Philips Air Fryer,2,1681.81,3363.62,Europe,Debit Card
10324,2/15/2024,Home Appliances,130,Dyson V11 Vacuum,1,431.29,431.29,Europe,Credit Card
10325,3/10/2024,Sports,123,Wilson Evolution Basketball,1,579.21,579.21,Asia,PayPal
10326,9/7/2024,Electronics,187,Samsung Galaxy S23,5,99.34,496.7,North America,Debit Card
10327,5/15/2024,Books,162,Atomic Habits,1,2403.52,2403.52,Asia,Debit Card
10328,4/17/2024,Electronics,137,MacBook Pro 16-inch,1,294.15,294.15,Europe,PayPal
10329,9/17/2024,Electronics,181,Samsung Galaxy S23,1,604.91,604.91,Asia,PayPal
10330,6/3/2024,Electronics,165,Samsung Galaxy S23,5,953.28,4766.4,North America,Credit Card
10331,9/9/2024,Sports,186,Wilson Evolution Basketball,4,430.12,1720.48,Asia,Debit Card
10332,4/11/2024,Beauty Products,151,Neutrogena Skincare Set,4,543.02,2172.08,Asia,Credit Card
10333,11/13/2024,Home Appliances,164,Dyson V11 Vacuum,3,1983.39,5950.17,Europe,PayPal
10334,3/25/2024,Clothing,165,Adidas Hoodie,2,1155.6,2311.2,Europe,Credit Card
10335,8/29/2024,Beauty Products,133,L'Oreal Shampoo,3,985.7,2957.1,Europe,Credit Card
10336,10/17/2024,Home Appliances,126,Philips Air Fryer,4,67.1,268.4,Europe,PayPal
10337,10/14/2024,Books,170,Harry Potter,2,897.75,1795.5,Asia,Credit Card
10338,2/1/2024,Home Appliances,192,Blueair Classic 480i,1,592.2,592.2,Europe,PayPal
10339,5/21/2024,Electronics,150,Sony WH-1000XM5,5,969.07,4845.35,North America,Debit Card
10340,1/12/2024,Clothing,188,Nike Air Max,1,685.15,685.15,North America,Debit Card
10341,12/4/2024,Clothing,155,Nike Air Max,4,27.14,108.56,Asia,Debit Card
10342,7/25/2024,Books,197,Harry Potter,3,2473.81,7421.43,Europe,PayPal
10343,11/4/2024,Home Appliances,157,Dyson V11 Vacuum,4,1306.44,5225.76,North America,PayPal
10344,9/29/2024,Books,136,Harry Potter,5,1393.46,6967.3,Europe,Debit Card
10345,6/12/2024,Clothing,159,Nike Air Max,3,1234.27,3702.81,Asia,Debit Card
10346,10/22/2024,Beauty Products,131,Neutrogena Skincare Set,2,983.32,1966.64,Europe,PayPal
10347,7/17/2024,Clothing,188,Adidas Hoodie,2,1883.4,3766.8,North America,Credit Card
10348,6/8/2024,Books,165,Atomic Habits,3,2234.56,6703.68,Asia,Debit Card
10349,9/3/2024,Electronics,139,iPhone 14 Pro,3,642.81,1928.43,Europe,PayPal
10350,11/6/2024,Beauty Products,146,Neutrogena Skincare Set,1,307.78,307.78,Asia,Debit Card
10351,7/5/2024,Sports,129,Nike Football,4,971.03,3884.12,North America,Credit Card
10352,1/9/2024,Home Appliances,103,Philips Air Fryer,1,1400.96,1400.96,Asia,Debit Card
10353,2/27/2024,Sports,176,Adidas Tennis Racket,2,1416.12,2832.24,Europe,Credit Card
10354,6/11/2024,Beauty Products,125,L'Oreal Shampoo,3,2131.72,6395.16,North America,Credit Card
10355,10/15/2024,Home Appliances,182,Dyson V11 Vacuum,2,1281.48,2562.96,North America,Debit Card
10356,5/29/2024,Beauty Products,170,L'Oreal Shampoo,3,1052.72,3158.16,Europe,PayPal
10357,6/9/2024,Beauty Products,200,Dove Soap Pack,2,824.71,1649.42,Asia,PayPal
10358,5/23/2024,Books,184,Harry Potter,4,321.7,1286.8,Europe,PayPal
10359,5/14/2024,Electronics,108,iPhone 14 Pro,2,2260.12,4520.24,Asia,PayPal
10360,6/29/2024,Beauty Products,145,Dove Soap Pack,3,1723.16,5169.48,Europe,PayPal
10361,11/17/2024,Sports,184,Wilson Evolution Basketball,3,2475.48,7426.44,North America,Debit Card
10362,2/6/2024,Clothing,178,Nike Air Max,1,1463.58,1463.58,Europe,PayPal
10363,6/28/2024,Home Appliances,103,Philips Air Fryer,1,1609.33,1609.33,North America,Debit Card
10364,2/13/2024,Beauty Products,144,Neutrogena Skincare Set,2,143.98,287.96,Asia,Debit Card
10365,4/25/2024,Sports,195,Wilson Evolution Basketball,3,1629.05,4887.15,Europe,Debit Card
10366,3/21/2024,Home Appliances,196,Philips Air Fryer,1,15.07,15.07,Europe,Credit Card
10367,1/14/2024,Clothing,100,Adidas Hoodie,5,1555.18,7775.9,North America,PayPal
10368,4/15/2024,Electronics,127,Sony WH-1000XM5,5,1540.21,7701.05,North America,PayPal
10369,9/26/2024,Electronics,106,MacBook Pro 16-inch,2,1609.85,3219.7,North America,Debit Card
10370,9/7/2024,Sports,115,Wilson Evolution Basketball,2,1133.74,2267.48,Asia,PayPal
10371,12/19/2024,Beauty Products,165,Neutrogena Skincare Set,4,1797.54,7190.16,North America,Credit Card
10372,6/27/2024,Books,188,The Da Vinci Code,3,1047.38,3142.14,Europe,Credit Card
10373,8/7/2024,Sports,107,Nike Football,2,799.93,1599.86,Asia,PayPal
10374,12/14/2024,Electronics,155,Samsung Galaxy S23,4,1776.52,7106.08,Asia,PayPal
10375,6/1/2024,Home Appliances,193,Blueair Classic 480i,4,496.12,1984.48,Asia,Debit Card
10376,7/4/2024,Books,100,Atomic Habits,4,820.52,3282.08,North America,PayPal
10377,3/6/2024,Beauty Products,172,L'Oreal Shampoo,1,955.78,955.78,North America,Debit Card
10378,9/24/2024,Beauty Products,194,Dove Soap Pack,4,509.78,2039.12,Asia,Debit Card
10379,3/22/2024,Electronics,152,iPhone 14 Pro,1,1186.08,1186.08,North America,PayPal
10380,1/27/2024,Clothing,145,Nike Air Max,3,2402.25,7206.75,Europe,PayPal
10381,8/9/2024,Clothing,171,Levi's 501 Jeans,4,954.81,3819.24,North America,Credit Card
10382,8/30/2024,Home Appliances,163,Dyson V11 Vacuum,1,2205.17,2205.17,Europe,Debit Card
10383,8/1/2024,Home Appliances,193,Dyson V11 Vacuum,4,1751.97,7007.88,Europe,PayPal
10384,10/7/2024,Beauty Products,116,L'Oreal Shampoo,3,50.78,152.34,Europe,Credit Card
10385,5/31/2024,Clothing,189,Levi's 501 Jeans,5,861.91,4309.55,Europe,PayPal
10386,3/30/2024,Home Appliances,152,Dyson V11 Vacuum,2,711.87,1423.74,North America,PayPal
10387,2/1/2024,Beauty Products,199,L'Oreal Shampoo,1,391.36,391.36,Europe,Debit Card
10388,9/26/2024,Home Appliances,100,Blueair Classic 480i,1,566.7,566.7,Europe,Credit Card
10389,9/8/2024,Home Appliances,170,Blueair Classic 480i,4,1283.89,5135.56,Asia,PayPal
10390,2/1/2024,Beauty Products,155,Neutrogena Skincare Set,2,1211.4,2422.8,Asia,PayPal
10391,2/12/2024,Clothing,188,Nike Air Max,4,340.14,1360.56,North America,PayPal
10392,11/5/2024,Books,171,Atomic Habits,1,853.25,853.25,Asia,Debit Card
10393,5/20/2024,Books,191,Harry Potter,4,502.29,2009.16,North America,Credit Card
10394,3/7/2024,Sports,101,Wilson Evolution Basketball,2,2033.31,4066.62,Asia,PayPal
10395,10/10/2024,Beauty Products,154,L'Oreal Shampoo,2,1303.72,2607.44,Europe,PayPal
10396,9/18/2024,Beauty Products,137,L'Oreal Shampoo,1,1144.11,1144.11,North America,PayPal
10397,1/16/2024,Beauty Products,116,Dove Soap Pack,2,1334.33,2668.66,North America,Credit Card
10398,1/20/2024,Books,114,Harry Potter,2,1226.11,2452.22,Europe,Debit Card
10399,8/15/2024,Books,115,Harry Potter,5,341.4,1707,Europe,Credit Card
10400,6/6/2024,Beauty Products,141,Neutrogena Skincare Set,1,891.5,891.5,Europe,Debit Card
10401,10/13/2024,Beauty Products,145,Dove Soap Pack,1,2138.69,2138.69,Europe,Credit Card
10402,1/8/2024,Beauty Products,166,L'Oreal Shampoo,5,1044.65,5223.25,Asia,Debit Card
10403,12/21/2024,Electronics,179,MacBook Pro 16-inch,4,1805.83,7223.32,North America,Debit Card
10404,4/11/2024,Beauty Products,169,Dove Soap Pack,2,2075.66,4151.32,Europe,Credit Card
10405,1/21/2024,Clothing,126,Levi's 501 Jeans,4,232.91,931.64,Europe,PayPal
10406,9/29/2024,Sports,130,Wilson Evolution Basketball,5,12.99,64.95,Europe,PayPal
10407,12/3/2024,Books,190,Atomic Habits,1,908.98,908.98,Europe,Credit Card
10408,2/28/2024,Sports,130,Wilson Evolution Basketball,3,1309.13,3927.39,Asia,PayPal
10409,5/18/2024,Sports,186,Wilson Evolution Basketball,5,977.46,4887.3,Asia,Debit Card
10410,6/7/2024,Books,150,Harry Potter,3,312.5,937.5,Europe,Credit Card
10411,5/11/2024,Clothing,131,Levi's 501 Jeans,2,87.02,174.04,Europe,PayPal
10412,4/6/2024,Beauty Products,173,Dove Soap Pack,2,2286.24,4572.48,North America,Debit Card
10413,10/16/2024,Beauty Products,142,Neutrogena Skincare Set,5,117.52,587.6,Europe,PayPal
10414,6/10/2024,Clothing,104,Adidas Hoodie,5,1120.06,5600.3,Europe,Debit Card
10415,9/10/2024,Beauty Products,194,L'Oreal Shampoo,5,1041.48,5207.4,Asia,Credit Card
10416,9/11/2024,Home Appliances,121,Dyson V11 Vacuum,4,660.9,2643.6,Asia,PayPal
10417,2/22/2024,Electronics,195,iPhone 14 Pro,2,84.78,169.56,Europe,PayPal
10418,2/16/2024,Beauty Products,118,L'Oreal Shampoo,3,1074.62,3223.86,Asia,Credit Card
10419,4/23/2024,Beauty Products,131,L'Oreal Shampoo,2,1142.44,2284.88,North America,Debit Card
10420,12/17/2024,Sports,170,Adidas Tennis Racket,2,1681.9,3363.8,Asia,Debit Card
10421,5/28/2024,Clothing,190,Levi's 501 Jeans,5,2100.26,10501.3,Asia,Credit Card
10422,5/29/2024,Electronics,138,Sony WH-1000XM5,4,1793.32,7173.28,Asia,Credit Card
10423,6/20/2024,Books,105,The Da Vinci Code,2,293.52,587.04,North America,PayPal
10424,9/16/2024,Sports,161,Adidas Tennis Racket,2,1116,2232,Europe,Credit Card
10425,4/8/2024,Books,115,Harry Potter,5,1628.67,8143.35,Europe,PayPal
10426,9/8/2024,Sports,157,Wilson Evolution Basketball,3,371.6,1114.8,North America,Debit Card
10427,9/1/2024,Beauty Products,187,Neutrogena Skincare Set,5,1143.05,5715.25,Asia,Credit Card
10428,7/6/2024,Sports,104,Wilson Evolution Basketball,2,1633.63,3267.26,North America,PayPal
10429,10/6/2024,Electronics,147,MacBook Pro 16-inch,3,1554.69,4664.07,North America,PayPal
10430,7/3/2024,Sports,165,Nike Football,3,1294.71,3884.13,North America,Credit Card
10431,12/2/2024,Electronics,173,iPhone 14 Pro,5,1735.73,8678.65,Asia,PayPal
10432,10/25/2024,Beauty Products,150,Neutrogena Skincare Set,1,1855.17,1855.17,Asia,PayPal
10433,6/2/2024,Beauty Products,104,Neutrogena Skincare Set,4,1591.94,6367.76,Asia,Credit Card
10434,12/15/2024,Clothing,112,Nike Air Max,4,184.29,737.16,Asia,PayPal
10435,1/5/2024,Clothing,111,Levi's 501 Jeans,5,1921.83,9609.15,Europe,Debit Card
10436,6/30/2024,Books,164,The Da Vinci Code,5,1496.03,7480.15,Asia,PayPal
10437,9/27/2024,Books,138,Atomic Habits,2,1997.4,3994.8,Asia,Credit Card
10438,6/2/2024,Clothing,173,Levi's 501 Jeans,4,1892.53,7570.12,Europe,Credit Card
10439,11/6/2024,Sports,164,Nike Football,4,1666.84,6667.36,North America,PayPal
10440,3/19/2024,Books,132,The Da Vinci Code,5,232.32,1161.6,Europe,PayPal
10441,2/13/2024,Electronics,163,iPhone 14 Pro,4,1983.05,7932.2,North America,Credit Card
10442,1/25/2024,Sports,199,Adidas Tennis Racket,3,685.43,2056.29,North America,Debit Card
10443,1/2/2024,Sports,137,Nike Football,3,2036.01,6108.03,Europe,Credit Card
10444,3/17/2024,Books,149,The Da Vinci Code,1,1380.95,1380.95,North America,Credit Card
10445,3/21/2024,Home Appliances,112,Blueair Classic 480i,5,1723.48,8617.4,Asia,Debit Card
10446,6/1/2024,Home Appliances,105,Blueair Classic 480i,3,435.38,1306.14,Asia,PayPal
10447,7/24/2024,Sports,117,Nike Football,5,776.42,3882.1,North America,Debit Card
10448,6/10/2024,Clothing,168,Levi's 501 Jeans,1,2476.83,2476.83,North America,PayPal
10449,8/21/2024,Electronics,156,iPhone 14 Pro,3,300.86,902.58,Asia,Credit Card
10450,6/16/2024,Home Appliances,128,Blueair Classic 480i,4,58.53,234.12,Asia,PayPal
10451,3/14/2024,Books,124,The Da Vinci Code,3,1836.84,5510.52,Europe,PayPal
10452,9/20/2024,Beauty Products,171,Neutrogena Skincare Set,1,1212.29,1212.29,Asia,Debit Card
10453,9/7/2024,Beauty Products,111,L'Oreal Shampoo,3,1432.7,4298.1,Asia,Credit Card
10454,8/8/2024,Beauty Products,109,L'Oreal Shampoo,2,317.75,635.5,Europe,Debit Card
10455,3/2/2024,Electronics,106,MacBook Pro 16-inch,3,950.77,2852.31,North America,PayPal
10456,7/17/2024,Sports,195,Adidas Tennis Racket,3,2170.09,6510.27,Europe,PayPal
10457,3/7/2024,Electronics,163,MacBook Pro 16-inch,4,1500.11,6000.44,North America,Credit Card
10458,9/26/2024,Clothing,184,Nike Air Max,1,2445.17,2445.17,Asia,Credit Card
10459,10/9/2024,Clothing,130,Adidas Hoodie,3,82.3,246.9,North America,PayPal
10460,3/26/2024,Books,134,Atomic Habits,1,1378.83,1378.83,North America,PayPal
10461,10/6/2024,Electronics,195,MacBook Pro 16-inch,4,430.39,1721.56,Europe,Debit Card
10462,1/23/2024,Home Appliances,174,Dyson V11 Vacuum,1,99.98,99.98,Asia,Credit Card
10463,3/25/2024,Home Appliances,110,Dyson V11 Vacuum,3,2425.93,7277.79,North America,PayPal
10464,6/3/2024,Beauty Products,142,Neutrogena Skincare Set,1,2280,2280,North America,PayPal
10465,7/22/2024,Sports,124,Wilson Evolution Basketball,4,1250.03,5000.12,North America,Debit Card
10466,8/12/2024,Books,154,Harry Potter,2,1923.61,3847.22,Europe,Credit Card
10467,9/27/2024,Sports,148,Wilson Evolution Basketball,3,542.69,1628.07,Europe,PayPal
10468,9/30/2024,Home Appliances,150,Philips Air Fryer,1,791.57,791.57,North America,Debit Card
10469,2/5/2024,Books,137,Atomic Habits,3,595.12,1785.36,North America,Debit Card
10470,11/14/2024,Sports,131,Nike Football,1,2405.72,2405.72,Europe,PayPal
10471,11/9/2024,Books,186,Atomic Habits,1,2307.16,2307.16,Europe,Debit Card
10472,3/9/2024,Books,185,Harry Potter,3,77.11,231.33,Asia,Credit Card
10473,12/20/2024,Clothing,162,Adidas Hoodie,1,487.41,487.41,Asia,PayPal
10474,1/10/2024,Electronics,163,Samsung Galaxy S23,4,1522.63,6090.52,Europe,Credit Card
10475,2/13/2024,Home Appliances,160,Philips Air Fryer,1,764.38,764.38,Asia,Debit Card
10476,1/5/2024,Clothing,187,Adidas Hoodie,5,1945.88,9729.4,North America,Debit Card
10477,1/2/2024,Sports,197,Adidas Tennis Racket,1,2357.98,2357.98,Europe,Debit Card
10478,3/9/2024,Electronics,180,Samsung Galaxy S23,4,2493.18,9972.72,Europe,Debit Card
10479,3/3/2024,Books,111,Atomic Habits,5,1688.83,8444.15,Asia,PayPal
10480,3/17/2024,Sports,129,Wilson Evolution Basketball,1,2372.39,2372.39,Asia,PayPal
10481,8/18/2024,Home Appliances,107,Dyson V11 Vacuum,1,1211.98,1211.98,North America,Debit Card
10482,6/21/2024,Home Appliances,152,Blueair Classic 480i,3,1637.55,4912.65,Europe,PayPal
10483,4/11/2024,Sports,128,Wilson Evolution Basketball,4,2401.99,9607.96,Asia,Credit Card
10484,5/5/2024,Clothing,186,Nike Air Max,3,2444.72,7334.16,Asia,PayPal
10485,7/22/2024,Home Appliances,145,Dyson V11 Vacuum,4,1888.99,7555.96,Asia,Credit Card
10486,10/26/2024,Beauty Products,117,Dove Soap Pack,1,1293.77,1293.77,North America,Credit Card
10487,6/22/2024,Books,151,The Da Vinci Code,4,702.32,2809.28,North America,PayPal
10488,12/27/2024,Beauty Products,179,Dove Soap Pack,1,1605.62,1605.62,North America,Debit Card
10489,9/11/2024,Electronics,119,Sony WH-1000XM5,1,1242.6,1242.6,Asia,Credit Card
10490,11/23/2024,Beauty Products,130,Neutrogena Skincare Set,4,1055.29,4221.16,Europe,PayPal
10491,6/25/2024,Home Appliances,171,Philips Air Fryer,5,892.6,4463,Europe,PayPal
10492,6/29/2024,Beauty Products,134,Dove Soap Pack,5,2460.95,12304.75,Europe,Credit Card
10493,12/8/2024,Books,196,Atomic Habits,4,1256.83,5027.32,Europe,Credit Card
10494,7/18/2024,Electronics,148,Samsung Galaxy S23,3,393.78,1181.34,Europe,PayPal
10495,5/22/2024,Sports,186,Adidas Tennis Racket,1,1415.94,1415.94,Asia,Credit Card
10496,1/3/2024,Books,155,Harry Potter,4,839.15,3356.6,Europe,Credit Card
10497,11/1/2024,Electronics,185,MacBook Pro 16-inch,5,343.67,1718.35,North America,Credit Card
10498,2/10/2024,Books,117,Harry Potter,3,1521.89,4565.67,Europe,PayPal
10499,7/4/2024,Electronics,188,Sony WH-1000XM5,4,1663.14,6652.56,North America,PayPal
10500,7/17/2024,Clothing,192,Adidas Hoodie,4,1994.54,7978.16,Asia,PayPal
10501,11/17/2024,Sports,106,Wilson Evolution Basketball,2,2392.61,4785.22,North America,Debit Card
10502,9/15/2024,Beauty Products,181,Dove Soap Pack,3,535.19,1605.57,North America,Debit Card
10503,5/25/2024,Electronics,100,iPhone 14 Pro,4,1624.17,6496.68,Asia,PayPal
10504,2/22/2024,Clothing,164,Adidas Hoodie,2,1412.86,2825.72,Europe,PayPal
10505,2/9/2024,Home Appliances,131,Philips Air Fryer,2,1294.37,2588.74,North America,Debit Card
10506,12/23/2024,Books,172,Atomic Habits,4,512.33,2049.32,North America,PayPal
10507,3/13/2024,Sports,134,Wilson Evolution Basketball,2,2214.87,4429.74,North America,PayPal
10508,11/14/2024,Sports,143,Wilson Evolution Basketball,1,1040.19,1040.19,North America,Debit Card
10509,7/18/2024,Home Appliances,129,Blueair Classic 480i,1,2392.41,2392.41,Europe,PayPal
10510,5/28/2024,Books,151,Atomic Habits,1,1178.45,1178.45,North America,Debit Card
10511,10/22/2024,Books,108,Harry Potter,5,1129.72,5648.6,Asia,Debit Card
10512,3/13/2024,Beauty Products,185,L'Oreal Shampoo,3,634.73,1904.19,Asia,Debit Card
10513,2/26/2024,Sports,188,Adidas Tennis Racket,4,788.59,3154.36,Asia,PayPal
10514,3/29/2024,Home Appliances,132,Philips Air Fryer,1,389.39,389.39,Asia,Debit Card
10515,1/12/2024,Sports,117,Nike Football,2,515.21,1030.42,Asia,Debit Card
10516,3/17/2024,Sports,191,Nike Football,5,1785.19,8925.95,North America,Credit Card
10517,11/14/2024,Books,117,Harry Potter,5,963.88,4819.4,North America,PayPal
10518,3/12/2024,Beauty Products,103,L'Oreal Shampoo,3,1906.11,5718.33,Asia,PayPal
10519,4/2/2024,Books,143,Harry Potter,3,1040.97,3122.91,North America,Debit Card
10520,4/8/2024,Clothing,152,Levi's 501 Jeans,2,2388.53,4777.06,Europe,Debit Card
10521,3/1/2024,Clothing,183,Levi's 501 Jeans,1,2487.93,2487.93,Europe,Debit Card
10522,4/29/2024,Clothing,198,Levi's 501 Jeans,5,1083.44,5417.2,Europe,PayPal
10523,8/22/2024,Sports,199,Wilson Evolution Basketball,4,1078.66,4314.64,Europe,PayPal
10524,7/25/2024,Sports,136,Nike Football,5,338.48,1692.4,North America,Debit Card
10525,9/9/2024,Beauty Products,197,L'Oreal Shampoo,4,1202.23,4808.92,Asia,Debit Card
10526,5/10/2024,Sports,113,Nike Football,4,1493.94,5975.76,North America,Debit Card
10527,4/7/2024,Beauty Products,138,Dove Soap Pack,5,757.49,3787.45,Asia,PayPal
10528,7/11/2024,Sports,123,Wilson Evolution Basketball,1,316.77,316.77,North America,Credit Card
10529,4/23/2024,Sports,162,Nike Football,4,790.03,3160.12,Europe,PayPal
10530,7/7/2024,Sports,166,Nike Football,4,743.52,2974.08,North America,Debit Card
10531,12/23/2024,Sports,188,Wilson Evolution Basketball,4,369.57,1478.28,North America,Debit Card
10532,10/9/2024,Clothing,184,Nike Air Max,2,2025.96,4051.92,Europe,PayPal
10533,10/4/2024,Books,167,The Da Vinci Code,2,1319.39,2638.78,North America,PayPal
10534,1/26/2024,Beauty Products,130,Dove Soap Pack,2,1574.16,3148.32,North America,PayPal
10535,5/2/2024,Beauty Products,112,L'Oreal Shampoo,4,1149.81,4599.24,Europe,PayPal
10536,10/4/2024,Beauty Products,134,L'Oreal Shampoo,1,924.33,924.33,Asia,Debit Card
10537,3/19/2024,Sports,164,Adidas Tennis Racket,2,246.08,492.16,North America,PayPal
10538,2/27/2024,Beauty Products,162,Neutrogena Skincare Set,1,1387.21,1387.21,Europe,Credit Card
10539,9/13/2024,Beauty Products,117,L'Oreal Shampoo,3,1683.53,5050.59,Europe,Debit Card
10540,12/30/2024,Beauty Products,101,Dove Soap Pack,1,281.19,281.19,Asia,Debit Card
10541,1/22/2024,Beauty Products,109,Neutrogena Skincare Set,4,1258.64,5034.56,Europe,Credit Card
10542,10/14/2024,Clothing,172,Adidas Hoodie,3,180.61,541.83,Europe,PayPal
10543,11/8/2024,Books,166,Harry Potter,5,1508.71,7543.55,North America,Credit Card
10544,9/11/2024,Electronics,189,iPhone 14 Pro,4,1385.18,5540.72,North America,Credit Card
10545,4/2/2024,Beauty Products,127,Dove Soap Pack,5,2482.9,12414.5,Asia,PayPal
10546,11/7/2024,Sports,141,Nike Football,5,260.8,1304,Europe,PayPal
10547,9/25/2024,Electronics,128,Samsung Galaxy S23,1,53.04,53.04,Asia,Debit Card
10548,10/4/2024,Sports,176,Adidas Tennis Racket,3,398.28,1194.84,Asia,PayPal
10549,9/1/2024,Home Appliances,188,Philips Air Fryer,2,2034.43,4068.86,Asia,Debit Card
10550,9/24/2024,Home Appliances,187,Philips Air Fryer,4,1634.98,6539.92,Asia,PayPal
10551,1/29/2024,Home Appliances,161,Dyson V11 Vacuum,3,1862.92,5588.76,Asia,Credit Card
10552,3/14/2024,Sports,103,Adidas Tennis Racket,3,747.78,2243.34,Asia,Debit Card
10553,8/4/2024,Electronics,154,Sony WH-1000XM5,5,2191.2,10956,Europe,Debit Card
10554,1/6/2024,Electronics,191,iPhone 14 Pro,4,135.92,543.68,North America,Debit Card
10555,9/21/2024,Home Appliances,181,Dyson V11 Vacuum,4,1370.01,5480.04,North America,PayPal
10556,2/6/2024,Home Appliances,156,Philips Air Fryer,4,1316.89,5267.56,North America,PayPal
10557,3/19/2024,Home Appliances,175,Blueair Classic 480i,5,1618.88,8094.4,Asia,PayPal
10558,1/4/2024,Sports,156,Nike Football,3,2130.33,6390.99,Europe,Debit Card
10559,4/7/2024,Home Appliances,153,Philips Air Fryer,5,1332.78,6663.9,Europe,Debit Card
10560,12/14/2024,Books,167,Harry Potter,1,851.62,851.62,Asia,Credit Card
10561,12/26/2024,Books,171,The Da Vinci Code,1,1805.56,1805.56,Asia,Credit Card
10562,7/28/2024,Books,102,Atomic Habits,3,248.34,745.02,North America,Credit Card
10563,12/8/2024,Clothing,148,Levi's 501 Jeans,3,2094.47,6283.41,North America,Debit Card
10564,6/5/2024,Beauty Products,143,L'Oreal Shampoo,4,585.91,2343.64,North America,Debit Card
10565,4/2/2024,Books,147,Harry Potter,5,530.57,2652.85,Europe,Debit Card
10566,11/14/2024,Clothing,184,Nike Air Max,1,141.17,141.17,Asia,Debit Card
10567,2/20/2024,Electronics,139,Sony WH-1000XM5,5,168.24,841.2,North America,Credit Card
10568,2/17/2024,Books,152,Harry Potter,5,1667.84,8339.2,Europe,PayPal
10569,12/2/2024,Beauty Products,116,L'Oreal Shampoo,3,354.42,1063.26,Asia,PayPal
10570,9/18/2024,Beauty Products,176,Neutrogena Skincare Set,3,1861.46,5584.38,Asia,Debit Card
10571,8/16/2024,Clothing,128,Adidas Hoodie,2,698.81,1397.62,Asia,Debit Card
10572,9/28/2024,Sports,167,Nike Football,5,1121.51,5607.55,North America,Debit Card
10573,2/21/2024,Books,120,Atomic Habits,5,1977.85,9889.25,Asia,Credit Card
10574,1/17/2024,Sports,140,Nike Football,1,869.22,869.22,North America,Credit Card
10575,11/15/2024,Beauty Products,150,Neutrogena Skincare Set,2,1171.28,2342.56,Asia,Debit Card
10576,5/1/2024,Clothing,126,Nike Air Max,4,1089.93,4359.72,Asia,Debit Card
10577,11/4/2024,Electronics,185,Sony WH-1000XM5,1,1122.6,1122.6,Europe,Debit Card
10578,9/28/2024,Sports,111,Adidas Tennis Racket,5,195.78,978.9,North America,Debit Card
10579,11/3/2024,Beauty Products,133,Neutrogena Skincare Set,4,1838.99,7355.96,Asia,Credit Card
10580,6/11/2024,Electronics,124,iPhone 14 Pro,5,2237.5,11187.5,North America,PayPal
10581,9/12/2024,Home Appliances,113,Dyson V11 Vacuum,4,434,1736,Europe,Debit Card
10582,10/2/2024,Beauty Products,196,Dove Soap Pack,1,117.72,117.72,Asia,PayPal
10583,5/19/2024,Electronics,154,iPhone 14 Pro,3,183.37,550.11,Asia,Credit Card
10584,5/12/2024,Books,143,The Da Vinci Code,5,2275.85,11379.25,Asia,Credit Card
10585,2/25/2024,Clothing,181,Nike Air Max,4,1189.91,4759.64,Europe,Debit Card
10586,5/21/2024,Beauty Products,178,Neutrogena Skincare Set,4,1211.31,4845.24,Europe,Debit Card
10587,2/2/2024,Home Appliances,143,Blueair Classic 480i,1,2041.94,2041.94,Asia,Debit Card
10588,8/23/2024,Sports,182,Wilson Evolution Basketball,1,1423.29,1423.29,Asia,Debit Card
10589,8/19/2024,Beauty Products,123,L'Oreal Shampoo,2,1102.72,2205.44,North America,Debit Card
10590,10/5/2024,Beauty Products,110,Neutrogena Skincare Set,2,2205.42,4410.84,Asia,Debit Card
10591,8/24/2024,Electronics,128,iPhone 14 Pro,2,1547.25,3094.5,Europe,PayPal
10592,2/1/2024,Beauty Products,155,Neutrogena Skincare Set,2,2170.5,4341,Europe,Debit Card
10593,8/10/2024,Books,177,Harry Potter,1,584.16,584.16,Asia,Debit Card
10594,7/24/2024,Beauty Products,143,L'Oreal Shampoo,2,392.71,785.42,Asia,Credit Card
10595,8/19/2024,Beauty Products,105,Dove Soap Pack,5,2291.21,11456.05,Asia,Credit Card
10596,8/27/2024,Clothing,135,Adidas Hoodie,1,361.87,361.87,Asia,Credit Card
10597,10/1/2024,Clothing,172,Adidas Hoodie,3,1039.18,3117.54,Asia,PayPal
10598,2/24/2024,Sports,128,Wilson Evolution Basketball,4,853.27,3413.08,Asia,Credit Card
10599,3/3/2024,Home Appliances,180,Dyson V11 Vacuum,3,785.75,2357.25,Europe,PayPal
10600,7/12/2024,Clothing,109,Nike Air Max,1,1780.52,1780.52,Europe,Credit Card
10601,5/26/2024,Home Appliances,158,Dyson V11 Vacuum,2,1568.11,3136.22,Europe,Credit Card
10602,11/28/2024,Beauty Products,135,Neutrogena Skincare Set,1,117.23,117.23,Europe,Credit Card
10603,7/23/2024,Electronics,185,Samsung Galaxy S23,1,1563.12,1563.12,North America,PayPal
10604,6/2/2024,Electronics,175,Sony WH-1000XM5,1,2026.92,2026.92,Europe,Credit Card
10605,5/13/2024,Books,114,Harry Potter,3,1266.86,3800.58,North America,Debit Card
10606,8/9/2024,Clothing,130,Adidas Hoodie,1,1989.48,1989.48,Europe,PayPal
10607,4/30/2024,Books,177,The Da Vinci Code,2,1404.12,2808.24,Asia,Credit Card
10608,2/7/2024,Home Appliances,123,Dyson V11 Vacuum,4,1592.46,6369.84,Asia,Credit Card
10609,11/1/2024,Books,150,Harry Potter,2,1445.79,2891.58,Asia,Credit Card
10610,12/16/2024,Sports,127,Adidas Tennis Racket,5,1482.54,7412.7,Asia,Credit Card
10611,7/25/2024,Home Appliances,191,Philips Air Fryer,2,37.99,75.98,Asia,Credit Card
10612,7/19/2024,Beauty Products,105,Neutrogena Skincare Set,4,2328.16,9312.64,Europe,PayPal
10613,4/14/2024,Beauty Products,151,L'Oreal Shampoo,4,250.1,1000.4,Europe,Debit Card
10614,10/31/2024,Clothing,175,Adidas Hoodie,4,2229.17,8916.68,Europe,Credit Card
10615,5/12/2024,Books,167,The Da Vinci Code,4,361.74,1446.96,Asia,Debit Card
10616,9/28/2024,Sports,131,Wilson Evolution Basketball,4,1493.48,5973.92,Asia,PayPal
10617,6/26/2024,Books,126,Atomic Habits,2,138.51,277.02,Europe,PayPal
10618,6/22/2024,Electronics,104,MacBook Pro 16-inch,3,1810.34,5431.02,North America,Credit Card
10619,1/12/2024,Home Appliances,122,Dyson V11 Vacuum,4,620.15,2480.6,Asia,PayPal
10620,9/27/2024,Home Appliances,121,Blueair Classic 480i,1,1646.4,1646.4,Asia,Debit Card
10621,12/2/2024,Sports,180,Nike Football,3,1356.01,4068.03,Asia,PayPal
10622,4/15/2024,Beauty Products,145,Neutrogena Skincare Set,2,2198.3,4396.6,North America,Credit Card
10623,7/14/2024,Clothing,167,Adidas Hoodie,4,2072.08,8288.32,North America,Credit Card
10624,11/6/2024,Beauty Products,123,Dove Soap Pack,3,881.1,2643.3,Asia,PayPal
10625,6/18/2024,Electronics,192,MacBook Pro 16-inch,2,1954.31,3908.62,North America,PayPal
10626,11/2/2024,Sports,156,Wilson Evolution Basketball,4,695.15,2780.6,Europe,Debit Card
10627,4/26/2024,Home Appliances,107,Dyson V11 Vacuum,1,398.44,398.44,North America,Credit Card
10628,2/13/2024,Sports,145,Adidas Tennis Racket,1,2167.31,2167.31,North America,Debit Card
10629,6/14/2024,Sports,110,Adidas Tennis Racket,3,2368.54,7105.62,North America,PayPal
10630,1/15/2024,Home Appliances,114,Philips Air Fryer,2,1473.48,2946.96,North America,PayPal
10631,8/13/2024,Electronics,178,iPhone 14 Pro,5,1082.33,5411.65,North America,PayPal
10632,4/22/2024,Electronics,198,iPhone 14 Pro,1,418.19,418.19,Europe,PayPal
10633,1/16/2024,Books,130,The Da Vinci Code,3,1752.9,5258.7,North America,Debit Card
10634,7/25/2024,Beauty Products,159,Neutrogena Skincare Set,2,706.96,1413.92,North America,Credit Card
10635,8/10/2024,Beauty Products,145,L'Oreal Shampoo,2,1331.32,2662.64,North America,Credit Card
10636,1/4/2024,Electronics,115,MacBook Pro 16-inch,2,2358.73,4717.46,Europe,Credit Card
10637,10/24/2024,Home Appliances,158,Blueair Classic 480i,2,171.11,342.22,Asia,Debit Card
10638,10/17/2024,Home Appliances,131,Blueair Classic 480i,4,405.54,1622.16,Europe,PayPal
10639,6/23/2024,Beauty Products,153,Neutrogena Skincare Set,2,407.94,815.88,Europe,Debit Card
10640,5/21/2024,Home Appliances,128,Dyson V11 Vacuum,1,1233.88,1233.88,North America,Credit Card
10641,4/24/2024,Beauty Products,127,Dove Soap Pack,2,680.78,1361.56,Europe,Credit Card
10642,3/4/2024,Books,126,Atomic Habits,2,2097.62,4195.24,Asia,PayPal
10643,10/5/2024,Clothing,169,Adidas Hoodie,2,2148.58,4297.16,Asia,Debit Card
10644,8/19/2024,Clothing,180,Nike Air Max,4,1562.55,6250.2,Europe,Debit Card
10645,10/11/2024,Electronics,182,Samsung Galaxy S23,5,1468.28,7341.4,North America,PayPal
10646,1/20/2024,Sports,172,Adidas Tennis Racket,1,1622.73,1622.73,North America,Credit Card
10647,6/26/2024,Clothing,182,Levi's 501 Jeans,5,886.96,4434.8,North America,PayPal
10648,6/29/2024,Beauty Products,140,Neutrogena Skincare Set,5,2474.88,12374.4,North America,Debit Card
10649,12/26/2024,Beauty Products,113,L'Oreal Shampoo,2,1701.61,3403.22,Europe,Debit Card
10650,9/20/2024,Beauty Products,184,Dove Soap Pack,2,1681.25,3362.5,North America,PayPal
10651,8/26/2024,Beauty Products,133,L'Oreal Shampoo,4,1528.61,6114.44,North America,Credit Card
10652,6/7/2024,Beauty Products,187,L'Oreal Shampoo,4,635.7,2542.8,Asia,Credit Card
10653,12/29/2024,Home Appliances,171,Dyson V11 Vacuum,4,2287.14,9148.56,Europe,Credit Card
10654,9/5/2024,Home Appliances,174,Blueair Classic 480i,1,1512.88,1512.88,Europe,Debit Card
10655,11/12/2024,Sports,148,Wilson Evolution Basketball,4,1584.32,6337.28,Asia,Debit Card
10656,9/22/2024,Home Appliances,161,Dyson V11 Vacuum,2,1011.65,2023.3,Asia,PayPal
10657,1/2/2024,Clothing,135,Levi's 501 Jeans,2,1797.74,3595.48,Europe,Debit Card
10658,9/14/2024,Books,145,Atomic Habits,3,1344.15,4032.45,Asia,PayPal
10659,12/6/2024,Clothing,195,Levi's 501 Jeans,1,53.82,53.82,Europe,PayPal
10660,3/3/2024,Beauty Products,155,Dove Soap Pack,5,948.08,4740.4,Asia,Credit Card
10661,2/27/2024,Home Appliances,169,Dyson V11 Vacuum,1,609.35,609.35,North America,Debit Card
10662,4/6/2024,Clothing,115,Adidas Hoodie,2,127.48,254.96,Europe,Debit Card
10663,2/18/2024,Clothing,163,Levi's 501 Jeans,3,634.69,1904.07,Europe,Credit Card
10664,7/20/2024,Clothing,185,Adidas Hoodie,4,2100.17,8400.68,North America,PayPal
10665,3/5/2024,Home Appliances,180,Blueair Classic 480i,3,430.21,1290.63,Asia,Credit Card
10666,1/19/2024,Beauty Products,103,Neutrogena Skincare Set,1,1683.01,1683.01,North America,Debit Card
10667,1/27/2024,Electronics,166,Samsung Galaxy S23,3,965.65,2896.95,Asia,Credit Card
10668,11/8/2024,Home Appliances,108,Blueair Classic 480i,5,1530.06,7650.3,North America,PayPal
10669,1/26/2024,Sports,113,Nike Football,2,1580.9,3161.8,Asia,PayPal
10670,3/16/2024,Clothing,131,Levi's 501 Jeans,2,1876.99,3753.98,North America,PayPal
10671,5/29/2024,Books,144,Atomic Habits,1,611.29,611.29,Europe,Debit Card
10672,6/1/2024,Clothing,153,Levi's 501 Jeans,5,232.13,1160.65,Asia,PayPal
10673,12/19/2024,Beauty Products,114,Dove Soap Pack,1,2394.11,2394.11,Asia,PayPal
10674,11/16/2024,Clothing,158,Adidas Hoodie,2,1345.88,2691.76,North America,Credit Card
10675,7/11/2024,Electronics,172,MacBook Pro 16-inch,1,352.12,352.12,North America,Debit Card
10676,12/19/2024,Home Appliances,196,Dyson V11 Vacuum,4,444.06,1776.24,Europe,PayPal
10677,8/3/2024,Electronics,147,MacBook Pro 16-inch,1,1476.21,1476.21,North America,Debit Card
10678,7/31/2024,Books,159,Harry Potter,4,307.08,1228.32,Asia,Credit Card
10679,1/6/2024,Home Appliances,185,Dyson V11 Vacuum,5,715.63,3578.15,Asia,Debit Card
10680,12/5/2024,Electronics,183,Sony WH-1000XM5,5,2388.66,11943.3,Asia,Credit Card
10681,3/10/2024,Electronics,102,Sony WH-1000XM5,3,661.08,1983.24,Asia,Credit Card
10682,10/2/2024,Beauty Products,192,Neutrogena Skincare Set,1,198.71,198.71,Asia,PayPal
10683,12/7/2024,Books,108,Atomic Habits,4,403.67,1614.68,Europe,Credit Card
10684,1/5/2024,Beauty Products,132,L'Oreal Shampoo,2,710.06,1420.12,North America,Debit Card
10685,5/29/2024,Home Appliances,138,Dyson V11 Vacuum,2,2075.88,4151.76,North America,Debit Card
10686,10/13/2024,Clothing,153,Adidas Hoodie,4,198.76,795.04,North America,Credit Card
10687,11/9/2024,Clothing,103,Levi's 501 Jeans,2,121.54,243.08,North America,PayPal
10688,3/8/2024,Books,135,Atomic Habits,2,2279.64,4559.28,Asia,PayPal
10689,4/17/2024,Beauty Products,119,L'Oreal Shampoo,4,668.93,2675.72,Asia,Credit Card
10690,10/17/2024,Clothing,170,Levi's 501 Jeans,4,1635.17,6540.68,Europe,PayPal
10691,7/3/2024,Books,185,The Da Vinci Code,3,277.35,832.05,Europe,PayPal
10692,10/10/2024,Beauty Products,185,L'Oreal Shampoo,1,1903.3,1903.3,Europe,Credit Card
10693,2/1/2024,Beauty Products,158,L'Oreal Shampoo,1,2074.22,2074.22,North America,Credit Card
10694,7/19/2024,Clothing,195,Adidas Hoodie,2,1842.05,3684.1,Asia,PayPal
10695,10/9/2024,Clothing,109,Levi's 501 Jeans,2,1956.15,3912.3,Europe,PayPal
10696,2/13/2024,Electronics,177,MacBook Pro 16-inch,4,389.96,1559.84,North America,Debit Card
10697,6/14/2024,Sports,180,Nike Football,2,876.71,1753.42,Europe,Credit Card
10698,8/13/2024,Books,128,The Da Vinci Code,5,547.8,2739,Europe,Debit Card
10699,9/10/2024,Sports,197,Adidas Tennis Racket,3,1779.67,5339.01,Europe,PayPal
10700,4/30/2024,Sports,103,Wilson Evolution Basketball,3,2219.04,6657.12,Asia,Debit Card
10701,2/8/2024,Sports,114,Nike Football,4,924.21,3696.84,North America,Credit Card
10702,7/25/2024,Books,181,The Da Vinci Code,4,1187.7,4750.8,Europe,PayPal
10703,9/23/2024,Beauty Products,179,Dove Soap Pack,5,673.31,3366.55,Europe,PayPal
10704,10/23/2024,Beauty Products,178,Neutrogena Skincare Set,3,1153.3,3459.9,Europe,PayPal
10705,10/26/2024,Beauty Products,167,Neutrogena Skincare Set,2,1264.06,2528.12,Asia,Credit Card
10706,11/4/2024,Books,148,Harry Potter,1,91.81,91.81,Europe,PayPal
10707,3/7/2024,Beauty Products,123,L'Oreal Shampoo,2,1565.02,3130.04,Asia,Debit Card
10708,1/2/2024,Clothing,135,Nike Air Max,5,1054.78,5273.9,Asia,Debit Card
10709,10/25/2024,Home Appliances,165,Blueair Classic 480i,1,1463.79,1463.79,Asia,Debit Card
10710,9/9/2024,Clothing,139,Levi's 501 Jeans,5,689.82,3449.1,North America,Credit Card
10711,10/5/2024,Books,121,Harry Potter,4,1350.55,5402.2,Asia,Credit Card
10712,7/21/2024,Beauty Products,132,Dove Soap Pack,2,2090.65,4181.3,North America,PayPal
10713,6/19/2024,Books,169,Atomic Habits,1,940.73,940.73,Asia,Credit Card
10714,10/18/2024,Beauty Products,172,L'Oreal Shampoo,5,1989.93,9949.65,Asia,Credit Card
10715,10/2/2024,Books,132,Atomic Habits,1,197.79,197.79,Europe,Debit Card
10716,10/11/2024,Clothing,185,Levi's 501 Jeans,4,1730,6920,Europe,PayPal
10717,4/9/2024,Clothing,182,Levi's 501 Jeans,2,2390.44,4780.88,Europe,PayPal
10718,11/26/2024,Electronics,169,Sony WH-1000XM5,5,1995.25,9976.25,Europe,PayPal
10719,12/29/2024,Beauty Products,190,L'Oreal Shampoo,4,1008.12,4032.48,Asia,Debit Card
10720,5/31/2024,Clothing,162,Adidas Hoodie,4,1303.91,5215.64,North America,Debit Card
10721,8/1/2024,Books,138,The Da Vinci Code,4,392.29,1569.16,Asia,Debit Card
10722,9/22/2024,Books,194,Atomic Habits,3,630.94,1892.82,North America,Debit Card
10723,5/20/2024,Clothing,109,Nike Air Max,3,655.33,1965.99,North America,Debit Card
10724,7/11/2024,Beauty Products,197,Neutrogena Skincare Set,3,1887.52,5662.56,North America,Debit Card
10725,6/9/2024,Books,152,The Da Vinci Code,4,578.5,2314,North America,PayPal
10726,10/26/2024,Sports,137,Adidas Tennis Racket,2,888.55,1777.1,Asia,Credit Card
10727,4/7/2024,Clothing,106,Levi's 501 Jeans,1,2204.76,2204.76,North America,PayPal
10728,2/21/2024,Books,155,Harry Potter,3,1227.01,3681.03,Asia,Debit Card
10729,1/23/2024,Clothing,114,Nike Air Max,5,966.48,4832.4,Europe,Debit Card
10730,2/27/2024,Clothing,165,Levi's 501 Jeans,5,2410.26,12051.3,Asia,Debit Card
10731,9/3/2024,Sports,189,Nike Football,5,2358.84,11794.2,North America,PayPal
10732,9/7/2024,Home Appliances,103,Philips Air Fryer,2,1664.77,3329.54,Europe,Credit Card
10733,11/26/2024,Books,150,Atomic Habits,2,900.13,1800.26,Europe,PayPal
10734,11/3/2024,Home Appliances,198,Dyson V11 Vacuum,2,2399.65,4799.3,North America,Debit Card
10735,9/12/2024,Sports,116,Nike Football,3,1950.75,5852.25,Europe,PayPal
10736,4/7/2024,Sports,172,Adidas Tennis Racket,1,2000.94,2000.94,North America,PayPal
10737,12/12/2024,Sports,103,Adidas Tennis Racket,4,2077.5,8310,North America,PayPal
10738,1/21/2024,Books,121,Harry Potter,3,87.26,261.78,Asia,PayPal
10739,9/8/2024,Clothing,150,Levi's 501 Jeans,4,404.39,1617.56,North America,Debit Card
10740,12/15/2024,Books,155,The Da Vinci Code,3,868.75,2606.25,Asia,PayPal
10741,6/21/2024,Sports,147,Wilson Evolution Basketball,2,619.28,1238.56,Asia,PayPal
10742,4/17/2024,Sports,118,Nike Football,1,2148.96,2148.96,Europe,Debit Card
10743,1/31/2024,Beauty Products,154,Neutrogena Skincare Set,5,2081.53,10407.65,Europe,Debit Card
10744,3/11/2024,Clothing,116,Adidas Hoodie,1,2042.06,2042.06,Europe,PayPal
10745,11/28/2024,Home Appliances,160,Dyson V11 Vacuum,4,1275.89,5103.56,Asia,PayPal
10746,6/23/2024,Clothing,182,Nike Air Max,3,1426.01,4278.03,Europe,PayPal
10747,8/23/2024,Electronics,181,Samsung Galaxy S23,5,668.02,3340.1,Europe,Credit Card
10748,8/29/2024,Sports,197,Nike Football,3,25.32,75.96,Europe,Credit Card
10749,7/7/2024,Home Appliances,166,Blueair Classic 480i,5,163.26,816.3,North America,Debit Card
10750,5/31/2024,Sports,186,Nike Football,1,527.38,527.38,Asia,Debit Card
10751,8/5/2024,Sports,101,Nike Football,5,1324.71,6623.55,North America,Credit Card
10752,3/2/2024,Home Appliances,148,Dyson V11 Vacuum,1,1606.79,1606.79,North America,PayPal
10753,5/25/2024,Sports,103,Wilson Evolution Basketball,3,1662.41,4987.23,Asia,Debit Card
10754,6/24/2024,Sports,139,Wilson Evolution Basketball,4,1911.37,7645.48,North America,PayPal
10755,12/26/2024,Clothing,126,Levi's 501 Jeans,4,622.54,2490.16,Europe,Debit Card
10756,10/25/2024,Sports,199,Adidas Tennis Racket,3,178.99,536.97,North America,PayPal
10757,3/27/2024,Electronics,126,Samsung Galaxy S23,3,660.57,1981.71,Asia,Credit Card
10758,1/22/2024,Home Appliances,113,Blueair Classic 480i,1,553.32,553.32,Asia,Credit Card
10759,10/5/2024,Books,115,Harry Potter,5,2342.73,11713.65,North America,PayPal
10760,1/28/2024,Clothing,101,Adidas Hoodie,4,2198.25,8793,North America,Debit Card
10761,2/25/2024,Clothing,124,Nike Air Max,4,1593.62,6374.48,Asia,Debit Card
10762,2/11/2024,Clothing,138,Levi's 501 Jeans,4,744.86,2979.44,Europe,PayPal
10763,5/11/2024,Sports,162,Wilson Evolution Basketball,5,663.93,3319.65,North America,Credit Card
10764,6/16/2024,Home Appliances,142,Dyson V11 Vacuum,2,1849.97,3699.94,North America,Credit Card
10765,8/9/2024,Sports,174,Nike Football,5,1798.82,8994.1,North America,Debit Card
10766,7/17/2024,Clothing,160,Nike Air Max,2,630.53,1261.06,North America,Credit Card
10767,8/16/2024,Clothing,133,Levi's 501 Jeans,3,750.47,2251.41,North America,Credit Card
10768,9/7/2024,Clothing,100,Levi's 501 Jeans,5,2333.09,11665.45,Asia,PayPal
10769,5/29/2024,Beauty Products,109,Dove Soap Pack,2,763.36,1526.72,Asia,Debit Card
10770,9/8/2024,Sports,146,Wilson Evolution Basketball,4,1913.71,7654.84,Asia,PayPal
10771,1/26/2024,Beauty Products,107,Dove Soap Pack,3,744.38,2233.14,Europe,Debit Card
10772,6/30/2024,Home Appliances,161,Philips Air Fryer,4,748.75,2995,Asia,Credit Card
10773,3/15/2024,Electronics,189,Sony WH-1000XM5,1,502.89,502.89,Asia,PayPal
10774,7/10/2024,Books,152,The Da Vinci Code,3,115.12,345.36,Europe,Debit Card
10775,2/22/2024,Home Appliances,153,Dyson V11 Vacuum,1,2168.06,2168.06,Europe,Credit Card
10776,6/16/2024,Home Appliances,109,Dyson V11 Vacuum,4,740.5,2962,North America,Debit Card
10777,12/8/2024,Sports,114,Adidas Tennis Racket,4,2318.47,9273.88,North America,Credit Card
10778,12/3/2024,Sports,200,Nike Football,4,1508.56,6034.24,North America,Credit Card
10779,4/29/2024,Sports,122,Nike Football,3,974.12,2922.36,Europe,PayPal
10780,4/23/2024,Sports,134,Adidas Tennis Racket,1,1449.2,1449.2,Europe,PayPal
10781,4/10/2024,Beauty Products,118,Neutrogena Skincare Set,2,1970.02,3940.04,Europe,Credit Card
10782,10/15/2024,Home Appliances,123,Dyson V11 Vacuum,5,2380.89,11904.45,Asia,Credit Card
10783,7/9/2024,Electronics,146,iPhone 14 Pro,5,1598,7990,North America,PayPal
10784,1/31/2024,Clothing,188,Nike Air Max,5,733.61,3668.05,Asia,Credit Card
10785,11/8/2024,Beauty Products,159,Dove Soap Pack,2,2394.68,4789.36,North America,PayPal
10786,5/16/2024,Clothing,197,Nike Air Max,5,250.15,1250.75,North America,PayPal
10787,12/27/2024,Clothing,122,Nike Air Max,1,150.2,150.2,North America,Debit Card
10788,11/19/2024,Sports,103,Wilson Evolution Basketball,4,2283.15,9132.6,Europe,PayPal
10789,12/16/2024,Clothing,118,Levi's 501 Jeans,4,1809.3,7237.2,North America,Debit Card
10790,4/17/2024,Electronics,159,MacBook Pro 16-inch,3,384.78,1154.34,Asia,PayPal
10791,2/11/2024,Beauty Products,187,L'Oreal Shampoo,2,140.54,281.08,Asia,Credit Card
10792,9/4/2024,Home Appliances,161,Philips Air Fryer,2,1662.82,3325.64,Europe,Credit Card
10793,11/11/2024,Clothing,148,Nike Air Max,2,1986.45,3972.9,Europe,Credit Card
10794,9/6/2024,Books,110,Atomic Habits,2,1413.42,2826.84,Europe,Debit Card
10795,5/25/2024,Home Appliances,180,Dyson V11 Vacuum,5,691.18,3455.9,North America,Credit Card
10796,12/28/2024,Sports,197,Nike Football,5,1595.41,7977.05,Asia,PayPal
10797,1/23/2024,Clothing,164,Adidas Hoodie,3,343.94,1031.82,Asia,Debit Card
10798,4/22/2024,Home Appliances,152,Blueair Classic 480i,4,333.4,1333.6,Europe,PayPal
10799,10/5/2024,Clothing,124,Adidas Hoodie,5,1079.49,5397.45,Asia,PayPal
10800,7/30/2024,Electronics,103,Samsung Galaxy S23,3,2199.59,6598.77,Asia,Debit Card
10801,10/24/2024,Books,193,The Da Vinci Code,2,957.9,1915.8,North America,PayPal
10802,7/1/2024,Home Appliances,200,Philips Air Fryer,3,797.08,2391.24,Europe,Credit Card
10803,12/25/2024,Books,169,The Da Vinci Code,1,749.88,749.88,Asia,Credit Card
10804,8/22/2024,Sports,172,Nike Football,3,199.97,599.91,North America,Credit Card
10805,1/24/2024,Sports,127,Wilson Evolution Basketball,2,1879.35,3758.7,Europe,PayPal
10806,2/21/2024,Clothing,193,Nike Air Max,2,2195.2,4390.4,Europe,PayPal
10807,10/23/2024,Home Appliances,154,Philips Air Fryer,5,993.34,4966.7,North America,Debit Card
10808,2/11/2024,Home Appliances,149,Blueair Classic 480i,3,713.34,2140.02,Europe,Credit Card
10809,2/10/2024,Clothing,154,Levi's 501 Jeans,1,1607.9,1607.9,North America,PayPal
10810,8/26/2024,Books,122,The Da Vinci Code,2,64.8,129.6,North America,Debit Card
10811,10/10/2024,Sports,117,Nike Football,2,1309.22,2618.44,Asia,Credit Card
10812,12/16/2024,Home Appliances,104,Blueair Classic 480i,2,154.6,309.2,Asia,Credit Card
10813,4/26/2024,Home Appliances,128,Philips Air Fryer,4,879.4,3517.6,Asia,Credit Card
10814,12/6/2024,Beauty Products,195,Neutrogena Skincare Set,5,1413.78,7068.9,North America,Debit Card
10815,8/4/2024,Sports,173,Adidas Tennis Racket,1,1191.3,1191.3,Asia,PayPal
10816,4/18/2024,Books,197,Harry Potter,4,874.51,3498.04,Asia,Debit Card
10817,7/19/2024,Home Appliances,178,Blueair Classic 480i,4,2187.59,8750.36,Europe,Debit Card
10818,4/20/2024,Electronics,179,Sony WH-1000XM5,4,387.61,1550.44,Europe,Credit Card
10819,9/15/2024,Beauty Products,167,Neutrogena Skincare Set,4,1601.33,6405.32,Asia,Credit Card
10820,12/17/2024,Electronics,173,Sony WH-1000XM5,5,1171.7,5858.5,Asia,Credit Card
10821,8/2/2024,Sports,103,Adidas Tennis Racket,3,302.28,906.84,Asia,Debit Card
10822,2/7/2024,Sports,133,Nike Football,1,250.1,250.1,Europe,Debit Card
10823,5/12/2024,Beauty Products,192,Dove Soap Pack,1,1717.67,1717.67,North America,PayPal
10824,8/16/2024,Clothing,174,Adidas Hoodie,1,1244.07,1244.07,Europe,Credit Card
10825,1/28/2024,Clothing,157,Adidas Hoodie,3,321.41,964.23,Asia,PayPal
10826,10/25/2024,Books,149,Atomic Habits,5,2044.97,10224.85,North America,Credit Card
10827,9/3/2024,Electronics,123,Samsung Galaxy S23,4,520.89,2083.56,Europe,Debit Card
10828,5/2/2024,Electronics,122,Samsung Galaxy S23,5,2385.86,11929.3,Asia,Debit Card
10829,12/21/2024,Clothing,157,Levi's 501 Jeans,5,619.73,3098.65,Europe,Debit Card
10830,1/11/2024,Beauty Products,113,Dove Soap Pack,1,275.54,275.54,North America,Debit Card
10831,12/15/2024,Books,154,Atomic Habits,2,1191.61,2383.22,Asia,Debit Card
10832,2/28/2024,Beauty Products,114,Neutrogena Skincare Set,4,182.35,729.4,North America,Debit Card
10833,7/13/2024,Sports,132,Adidas Tennis Racket,4,1049.09,4196.36,North America,Credit Card
10834,8/27/2024,Sports,176,Nike Football,1,2377.93,2377.93,Asia,PayPal
10835,1/24/2024,Sports,156,Adidas Tennis Racket,3,98.6,295.8,Asia,Credit Card
10836,4/12/2024,Books,102,Harry Potter,1,156.25,156.25,Europe,Debit Card
10837,11/13/2024,Beauty Products,139,Neutrogena Skincare Set,1,2405.33,2405.33,North America,Credit Card
10838,10/26/2024,Clothing,175,Nike Air Max,5,2201.09,11005.45,North America,PayPal
10839,2/18/2024,Sports,178,Nike Football,1,2056.65,2056.65,Europe,Debit Card
10840,3/15/2024,Beauty Products,156,Neutrogena Skincare Set,4,2365.12,9460.48,North America,PayPal
10841,4/21/2024,Electronics,104,Samsung Galaxy S23,3,786.24,2358.72,Asia,Credit Card
10842,2/21/2024,Beauty Products,160,L'Oreal Shampoo,3,558.75,1676.25,Europe,Debit Card
10843,3/29/2024,Sports,198,Wilson Evolution Basketball,4,788.39,3153.56,Asia,Credit Card
10844,11/11/2024,Electronics,193,iPhone 14 Pro,5,1896.67,9483.35,Asia,Debit Card
10845,3/29/2024,Sports,102,Nike Football,5,1556.83,7784.15,Europe,Debit Card
10846,4/30/2024,Sports,149,Nike Football,1,1035.88,1035.88,North America,Debit Card
10847,3/13/2024,Books,128,The Da Vinci Code,5,620.5,3102.5,North America,Credit Card
10848,3/28/2024,Beauty Products,154,L'Oreal Shampoo,5,1719.44,8597.2,Asia,PayPal
10849,8/24/2024,Home Appliances,183,Dyson V11 Vacuum,2,1424.63,2849.26,Europe,Credit Card
10850,11/14/2024,Electronics,105,MacBook Pro 16-inch,4,1944.26,7777.04,Europe,PayPal
10851,2/7/2024,Electronics,197,Samsung Galaxy S23,4,1731.29,6925.16,Europe,Debit Card
10852,9/27/2024,Home Appliances,150,Blueair Classic 480i,2,1480.27,2960.54,North America,PayPal
10853,11/19/2024,Home Appliances,154,Blueair Classic 480i,2,1145.05,2290.1,North America,Debit Card
10854,7/20/2024,Electronics,156,Samsung Galaxy S23,2,925.6,1851.2,North America,PayPal
10855,5/30/2024,Clothing,176,Levi's 501 Jeans,3,1895.43,5686.29,North America,PayPal
10856,4/25/2024,Beauty Products,194,Neutrogena Skincare Set,2,2393.18,4786.36,Europe,Credit Card
10857,12/3/2024,Home Appliances,166,Blueair Classic 480i,3,839.57,2518.71,Europe,Debit Card
10858,5/19/2024,Clothing,142,Adidas Hoodie,3,1302.48,3907.44,Asia,Debit Card
10859,12/7/2024,Home Appliances,160,Dyson V11 Vacuum,1,438.04,438.04,North America,Debit Card
10860,12/13/2024,Books,148,Atomic Habits,1,111.77,111.77,Asia,PayPal
10861,10/6/2024,Clothing,142,Adidas Hoodie,1,1571.12,1571.12,North America,PayPal
10862,8/5/2024,Home Appliances,164,Philips Air Fryer,5,1681.38,8406.9,Europe,PayPal
10863,8/26/2024,Beauty Products,112,Neutrogena Skincare Set,5,187.15,935.75,Asia,Credit Card
10864,6/1/2024,Beauty Products,149,L'Oreal Shampoo,4,2297.08,9188.32,North America,PayPal
10865,12/21/2024,Electronics,133,iPhone 14 Pro,3,2456.93,7370.79,Asia,Credit Card
10866,9/12/2024,Home Appliances,111,Blueair Classic 480i,4,214.85,859.4,North America,Debit Card
10867,9/29/2024,Home Appliances,153,Blueair Classic 480i,4,654.91,2619.64,Europe,Debit Card
10868,12/1/2024,Beauty Products,185,Neutrogena Skincare Set,1,386.78,386.78,North America,PayPal
10869,12/1/2024,Books,177,Harry Potter,4,120.92,483.68,Asia,PayPal
10870,8/30/2024,Beauty Products,149,Dove Soap Pack,3,1342.23,4026.69,Europe,PayPal
10871,12/5/2024,Beauty Products,146,Neutrogena Skincare Set,2,2251.04,4502.08,Europe,Debit Card
10872,5/7/2024,Clothing,117,Adidas Hoodie,2,387.83,775.66,North America,Debit Card
10873,3/3/2024,Sports,123,Nike Football,5,428.04,2140.2,Asia,Credit Card
10874,10/2/2024,Electronics,147,Sony WH-1000XM5,4,2340.34,9361.36,Europe,Credit Card
10875,3/29/2024,Sports,150,Nike Football,2,1126.46,2252.92,North America,Debit Card
10876,10/19/2024,Sports,145,Wilson Evolution Basketball,4,380.13,1520.52,Asia,Debit Card
10877,5/30/2024,Sports,200,Nike Football,1,1241.6,1241.6,North America,Credit Card
10878,5/19/2024,Home Appliances,195,Philips Air Fryer,3,260.97,782.91,Europe,Debit Card
10879,6/19/2024,Beauty Products,188,L'Oreal Shampoo,1,456.94,456.94,Europe,Debit Card
10880,3/25/2024,Sports,197,Adidas Tennis Racket,3,1490.65,4471.95,North America,PayPal
10881,6/28/2024,Electronics,188,MacBook Pro 16-inch,3,849.91,2549.73,Europe,Credit Card
10882,11/20/2024,Books,181,Atomic Habits,1,202.78,202.78,Asia,PayPal
10883,4/9/2024,Clothing,126,Nike Air Max,4,610.64,2442.56,Europe,PayPal
10884,8/8/2024,Clothing,169,Levi's 501 Jeans,1,510.41,510.41,Asia,PayPal
10885,1/22/2024,Sports,147,Nike Football,3,1642.58,4927.74,Europe,PayPal
10886,11/26/2024,Beauty Products,173,Neutrogena Skincare Set,3,1212.28,3636.84,Asia,Debit Card
10887,5/3/2024,Beauty Products,153,Neutrogena Skincare Set,1,1672.42,1672.42,Asia,Debit Card
10888,10/22/2024,Home Appliances,142,Dyson V11 Vacuum,3,271.36,814.08,North America,Credit Card
10889,2/9/2024,Home Appliances,114,Philips Air Fryer,5,2431.34,12156.7,Asia,Debit Card
10890,9/8/2024,Books,191,The Da Vinci Code,4,688.08,2752.32,Asia,Debit Card
10891,8/8/2024,Beauty Products,160,Neutrogena Skincare Set,4,100.11,400.44,Europe,Debit Card
10892,12/8/2024,Sports,134,Nike Football,4,2126,8504,Asia,Debit Card
10893,3/12/2024,Clothing,187,Nike Air Max,1,1812.77,1812.77,North America,Credit Card
10894,12/24/2024,Home Appliances,169,Blueair Classic 480i,3,2146.82,6440.46,Europe,Credit Card
10895,5/23/2024,Home Appliances,173,Philips Air Fryer,1,303.67,303.67,Asia,Debit Card
10896,3/13/2024,Home Appliances,100,Blueair Classic 480i,4,1162.32,4649.28,North America,PayPal
10897,5/2/2024,Books,121,The Da Vinci Code,3,1757.48,5272.44,Europe,PayPal
10898,5/27/2024,Beauty Products,188,L'Oreal Shampoo,4,1422.41,5689.64,Asia,PayPal
10899,6/29/2024,Sports,184,Nike Football,5,627.67,3138.35,Asia,Debit Card
10900,8/6/2024,Home Appliances,154,Philips Air Fryer,3,1214.01,3642.03,Europe,PayPal
10901,12/11/2024,Sports,164,Adidas Tennis Racket,3,1995.73,5987.19,Asia,Debit Card
10902,12/20/2024,Electronics,184,Sony WH-1000XM5,1,207.04,207.04,North America,Debit Card
10903,9/24/2024,Clothing,103,Adidas Hoodie,5,710.96,3554.8,North America,Debit Card
10904,4/15/2024,Home Appliances,174,Blueair Classic 480i,1,360.76,360.76,Europe,PayPal
10905,7/19/2024,Home Appliances,105,Philips Air Fryer,4,452.76,1811.04,Asia,Debit Card
10906,9/2/2024,Beauty Products,140,Neutrogena Skincare Set,3,815.81,2447.43,Asia,Debit Card
10907,4/22/2024,Clothing,124,Levi's 501 Jeans,2,703.87,1407.74,North America,Debit Card
10908,8/11/2024,Home Appliances,162,Dyson V11 Vacuum,1,1538.78,1538.78,Europe,Credit Card
10909,9/11/2024,Books,125,The Da Vinci Code,1,1497.83,1497.83,North America,PayPal
10910,5/13/2024,Clothing,146,Nike Air Max,1,2116.33,2116.33,Europe,Debit Card
10911,11/9/2024,Clothing,156,Levi's 501 Jeans,2,237.6,475.2,Europe,Credit Card
10912,11/8/2024,Sports,114,Nike Football,5,418.47,2092.35,North America,PayPal
10913,8/2/2024,Books,112,Harry Potter,4,2317.34,9269.36,North America,Credit Card
10914,6/26/2024,Beauty Products,153,Dove Soap Pack,3,961.57,2884.71,North America,Credit Card
10915,12/12/2024,Electronics,103,MacBook Pro 16-inch,4,1158.85,4635.4,Europe,Debit Card
10916,11/20/2024,Clothing,106,Levi's 501 Jeans,3,918.77,2756.31,North America,Credit Card
10917,4/8/2024,Clothing,135,Levi's 501 Jeans,2,2371.98,4743.96,North America,Debit Card
10918,5/4/2024,Clothing,104,Adidas Hoodie,1,784.69,784.69,Europe,PayPal
10919,7/23/2024,Books,134,The Da Vinci Code,4,339.17,1356.68,Asia,Debit Card
10920,12/15/2024,Sports,142,Adidas Tennis Racket,1,2275.23,2275.23,North America,PayPal
10921,2/18/2024,Sports,168,Wilson Evolution Basketball,2,565.85,1131.7,North America,Debit Card
10922,5/1/2024,Electronics,180,Sony WH-1000XM5,1,1115.05,1115.05,Europe,Credit Card
10923,6/30/2024,Electronics,198,Sony WH-1000XM5,3,964.62,2893.86,Asia,Credit Card
10924,9/22/2024,Clothing,188,Levi's 501 Jeans,5,475.29,2376.45,Europe,Credit Card
10925,1/19/2024,Books,110,The Da Vinci Code,4,2110.71,8442.84,Europe,PayPal
10926,6/27/2024,Books,131,Atomic Habits,3,1319.77,3959.31,North America,PayPal
10927,5/16/2024,Beauty Products,147,Dove Soap Pack,2,1277.73,2555.46,Europe,Debit Card
10928,3/18/2024,Sports,143,Adidas Tennis Racket,1,1026.31,1026.31,Europe,Credit Card
10929,5/17/2024,Electronics,139,Samsung Galaxy S23,2,1919.36,3838.72,Europe,Debit Card
10930,2/1/2024,Books,163,The Da Vinci Code,1,2123.68,2123.68,Asia,Debit Card
10931,12/18/2024,Sports,140,Wilson Evolution Basketball,2,1290.25,2580.5,Asia,PayPal
10932,1/17/2024,Beauty Products,142,Neutrogena Skincare Set,5,1773.48,8867.4,North America,Debit Card
10933,1/2/2024,Home Appliances,153,Blueair Classic 480i,4,441.47,1765.88,Asia,Debit Card
10934,4/28/2024,Electronics,147,Samsung Galaxy S23,4,1888.39,7553.56,Asia,PayPal
10935,8/22/2024,Home Appliances,113,Philips Air Fryer,2,938.85,1877.7,Asia,PayPal
10936,9/22/2024,Beauty Products,108,Neutrogena Skincare Set,5,1466.27,7331.35,Europe,Credit Card
10937,7/11/2024,Clothing,114,Adidas Hoodie,2,1650.93,3301.86,North America,Debit Card
10938,12/9/2024,Beauty Products,187,L'Oreal Shampoo,1,1034.31,1034.31,Europe,PayPal
10939,11/12/2024,Beauty Products,196,Neutrogena Skincare Set,3,1815.72,5447.16,Asia,Debit Card
10940,6/18/2024,Books,112,Atomic Habits,3,754.73,2264.19,North America,Debit Card
10941,1/24/2024,Clothing,180,Nike Air Max,4,2445.24,9780.96,North America,PayPal
10942,5/11/2024,Books,196,The Da Vinci Code,2,696.15,1392.3,Asia,Credit Card
10943,6/20/2024,Books,172,The Da Vinci Code,2,1447.39,2894.78,Asia,Debit Card
10944,12/26/2024,Clothing,122,Levi's 501 Jeans,3,1063.71,3191.13,North America,Debit Card
10945,7/23/2024,Home Appliances,115,Dyson V11 Vacuum,1,2307.15,2307.15,Asia,Debit Card
10946,3/5/2024,Home Appliances,166,Philips Air Fryer,2,2451.88,4903.76,North America,Credit Card
10947,6/6/2024,Sports,194,Wilson Evolution Basketball,4,1308.7,5234.8,North America,Credit Card
10948,12/15/2024,Sports,186,Wilson Evolution Basketball,3,1461.05,4383.15,North America,Debit Card
10949,7/31/2024,Sports,199,Adidas Tennis Racket,1,2005.22,2005.22,North America,PayPal
10950,3/17/2024,Beauty Products,188,Dove Soap Pack,2,2338.17,4676.34,Asia,Credit Card
10951,7/15/2024,Beauty Products,108,Dove Soap Pack,4,2458.47,9833.88,North America,Credit Card
10952,3/10/2024,Books,124,Harry Potter,1,926.06,926.06,Europe,Credit Card
10953,3/21/2024,Beauty Products,124,Neutrogena Skincare Set,2,2073.39,4146.78,Asia,Debit Card
10954,1/26/2024,Clothing,145,Adidas Hoodie,3,1555.51,4666.53,North America,Credit Card
10955,10/20/2024,Home Appliances,162,Dyson V11 Vacuum,3,1037.9,3113.7,Europe,Credit Card
10956,8/22/2024,Electronics,114,Samsung Galaxy S23,5,84.49,422.45,Europe,Debit Card
10957,10/3/2024,Electronics,111,Sony WH-1000XM5,2,1226.9,2453.8,Asia,PayPal
10958,4/1/2024,Home Appliances,116,Dyson V11 Vacuum,5,1305.12,6525.6,Asia,PayPal
10959,3/28/2024,Home Appliances,112,Philips Air Fryer,2,1707.62,3415.24,Europe,Credit Card
10960,4/18/2024,Sports,195,Nike Football,5,1010.69,5053.45,North America,Credit Card
10961,1/8/2024,Home Appliances,168,Dyson V11 Vacuum,5,57.71,288.55,North America,Debit Card
10962,1/15/2024,Books,106,The Da Vinci Code,2,31.79,63.58,North America,Debit Card
10963,1/16/2024,Beauty Products,191,Neutrogena Skincare Set,3,1438.53,4315.59,North America,PayPal
10964,5/24/2024,Beauty Products,148,L'Oreal Shampoo,5,442.07,2210.35,North America,Credit Card
10965,11/30/2024,Clothing,198,Nike Air Max,1,2056.86,2056.86,North America,Credit Card
10966,1/6/2024,Sports,195,Wilson Evolution Basketball,4,199.62,798.48,Asia,PayPal
10967,10/9/2024,Books,157,Harry Potter,1,1476.59,1476.59,Asia,Credit Card
10968,10/12/2024,Electronics,133,Sony WH-1000XM5,4,862.74,3450.96,Asia,PayPal
10969,7/27/2024,Books,196,The Da Vinci Code,5,1713.52,8567.6,North America,Credit Card
10970,7/9/2024,Sports,159,Adidas Tennis Racket,2,44.84,89.68,Europe,Debit Card
10971,9/29/2024,Home Appliances,130,Blueair Classic 480i,4,19.01,76.04,Asia,Credit Card
10972,2/5/2024,Sports,197,Wilson Evolution Basketball,5,821.78,4108.9,Asia,Debit Card
10973,3/29/2024,Home Appliances,146,Philips Air Fryer,5,815.5,4077.5,North America,PayPal
10974,7/21/2024,Beauty Products,119,Dove Soap Pack,4,2153.44,8613.76,Europe,PayPal
10975,12/5/2024,Sports,185,Adidas Tennis Racket,5,1528.79,7643.95,Asia,PayPal
10976,5/11/2024,Beauty Products,101,Dove Soap Pack,3,2488.88,7466.64,Europe,Credit Card
10977,1/27/2024,Books,100,Atomic Habits,1,231.46,231.46,North America,Debit Card
10978,3/22/2024,Electronics,129,iPhone 14 Pro,2,1745.49,3490.98,Europe,Credit Card
10979,2/24/2024,Electronics,149,MacBook Pro 16-inch,2,1566.42,3132.84,Asia,Debit Card
10980,7/8/2024,Books,140,Atomic Habits,1,1597.01,1597.01,Asia,Credit Card
10981,2/10/2024,Beauty Products,156,Neutrogena Skincare Set,1,2088.39,2088.39,North America,PayPal
10982,9/30/2024,Books,183,Atomic Habits,5,1491.74,7458.7,Asia,Credit Card
10983,8/30/2024,Electronics,175,iPhone 14 Pro,4,2484,9936,North America,Credit Card
10984,12/17/2024,Clothing,102,Nike Air Max,4,1214.21,4856.84,Asia,Credit Card
10985,3/11/2024,Electronics,189,Sony WH-1000XM5,5,646.25,3231.25,Asia,PayPal
10986,2/25/2024,Sports,100,Nike Football,2,1266.66,2533.32,Asia,Debit Card
10987,4/11/2024,Books,179,Atomic Habits,1,694.81,694.81,North America,PayPal
10988,4/17/2024,Books,145,Atomic Habits,5,1679.97,8399.85,North America,PayPal
10989,9/19/2024,Books,112,The Da Vinci Code,4,180.49,721.96,Europe,PayPal
10990,4/21/2024,Books,181,The Da Vinci Code,2,574.96,1149.92,North America,Debit Card
10991,5/15/2024,Clothing,178,Adidas Hoodie,1,2019.31,2019.31,Asia,PayPal
10992,9/3/2024,Sports,146,Wilson Evolution Basketball,4,1567.58,6270.32,Asia,Credit Card
10993,6/28/2024,Beauty Products,127,Dove Soap Pack,5,1686.61,8433.05,Europe,Debit Card
10994,6/23/2024,Books,105,Harry Potter,1,53.61,53.61,North America,PayPal
10995,2/20/2024,Electronics,118,iPhone 14 Pro,2,1252.13,2504.26,North America,PayPal
10996,11/8/2024,Books,142,Harry Potter,3,10.98,32.94,Europe,Debit Card
10997,2/26/2024,Clothing,108,Levi's 501 Jeans,2,2320.07,4640.14,Europe,Credit Card
10998,10/11/2024,Beauty Products,153,Neutrogena Skincare Set,2,1612.93,3225.86,Europe,PayPal
10999,2/9/2024,Books,129,Harry Potter,4,293.64,1174.56,Asia,PayPal
11000,2/2/2024,Books,135,The Da Vinci Code,4,141.12,564.48,Asia,PayPal
